j,m,xi,spin_up,spin_down,zeeman_energy_khz,rotation_energy_ghz
0,-0.5,False,0.0,1.0,0.0,0.0
0,0.5,True,1.0,0.0,-0.0,0.0
1,-1.5,False,0.0,1.0,-4.13,285.0035558
1,-0.5,False,0.816496580927726,-0.5773502691896257,8.26,285.0035558
1,0.5,False,0.5773502691896257,-0.816496580927726,8.26,285.0035558
1,-0.5,True,0.5773502691896257,0.816496580927726,-4.129999999999999,285.0035558
1,0.5,True,0.816496580927726,0.5773502691896257,-4.129999999999999,285.0035558
1,1.5,True,1.0,0.0,-4.13,285.0035558
2,-2.5,False,0.0,1.0,-8.26,855.0106674000001
2,-1.5,False,0.8944271909999159,-0.44721359549995787,12.389999999999999,855.0106674000001
2,-0.5,False,0.7745966692414834,-0.6324555320336759,12.389999999999999,855.0106674000001
2,0.5,False,0.6324555320336759,-0.7745966692414834,12.389999999999999,855.0106674000001
2,1.5,False,0.44721359549995787,-0.8944271909999159,12.389999999999999,855.0106674000001
2,-1.5,True,0.44721359549995787,0.8944271909999159,-8.26,855.0106674000001
2,-0.5,True,0.6324555320336759,0.7745966692414834,-8.26,855.0106674000001
2,0.5,True,0.7745966692414834,0.6324555320336759,-8.26,855.0106674000001
2,1.5,True,0.8944271909999159,0.44721359549995787,-8.26,855.0106674000001
2,2.5,True,1.0,0.0,-8.26,855.0106674000001
3,-3.5,False,0.0,1.0,-12.39,1710.0213348000002
3,-2.5,False,0.9258200997725515,-0.37796447300922725,16.52,1710.0213348000002
3,-1.5,False,0.8451542547285166,-0.5345224838248488,16.52,1710.0213348000002
3,-0.5,False,0.7559289460184544,-0.6546536707079772,16.52,1710.0213348000002
3,0.5,False,0.6546536707079772,-0.7559289460184544,16.52,1710.0213348000002
3,1.5,False,0.5345224838248488,-0.8451542547285166,16.52,1710.0213348000002
3,2.5,False,0.37796447300922725,-0.9258200997725515,16.52,1710.0213348000002
3,-2.5,True,0.37796447300922725,0.9258200997725515,-12.39,1710.0213348000002
3,-1.5,True,0.5345224838248488,0.8451542547285166,-12.39,1710.0213348000002
3,-0.5,True,0.6546536707079772,0.7559289460184544,-12.39,1710.0213348000002
3,0.5,True,0.7559289460184544,0.6546536707079772,-12.39,1710.0213348000002
3,1.5,True,0.8451542547285166,0.5345224838248488,-12.39,1710.0213348000002
3,2.5,True,0.9258200997725515,0.37796447300922725,-12.39,1710.0213348000002
3,3.5,True,1.0,0.0,-12.39,1710.0213348000002
4,-4.5,False,0.0,1.0,-16.52,2850.035558
4,-3.5,False,0.9428090415820634,-0.33333333333333337,20.650000000000002,2850.035558
4,-2.5,False,0.8819171036881969,-0.47140452079103173,20.650000000000002,2850.035558
4,-1.5,False,0.816496580927726,-0.5773502691896257,20.65,2850.035558
4,-0.5,False,0.7453559924999299,-0.6666666666666666,20.650000000000002,2850.035558
4,0.5,False,0.6666666666666666,-0.7453559924999299,20.650000000000002,2850.035558
4,1.5,False,0.5773502691896257,-0.816496580927726,20.65,2850.035558
4,2.5,False,0.47140452079103173,-0.8819171036881969,20.650000000000002,2850.035558
4,3.5,False,0.33333333333333337,-0.9428090415820634,20.650000000000002,2850.035558
4,-3.5,True,0.33333333333333337,0.9428090415820634,-16.52,2850.035558
4,-2.5,True,0.47140452079103173,0.8819171036881969,-16.52,2850.035558
4,-1.5,True,0.5773502691896257,0.816496580927726,-16.519999999999996,2850.035558
4,-0.5,True,0.6666666666666666,0.7453559924999299,-16.52,2850.035558
4,0.5,True,0.7453559924999299,0.6666666666666666,-16.52,2850.035558
4,1.5,True,0.816496580927726,0.5773502691896257,-16.519999999999996,2850.035558
4,2.5,True,0.8819171036881969,0.47140452079103173,-16.52,2850.035558
4,3.5,True,0.9428090415820634,0.33333333333333337,-16.52,2850.035558
4,4.5,True,1.0,0.0,-16.52,2850.035558
5,-5.5,False,0.0,1.0,-20.625,4275.053337
5,-4.5,False,0.9534625892455924,-0.30151134457776363,24.75,4275.053337
5,-3.5,False,0.9045340337332909,-0.4264014327112209,24.75,4275.053337
5,-2.5,False,0.8528028654224418,-0.5222329678670935,24.75,4275.053337
5,-1.5,False,0.7977240352174656,-0.6030226891555273,24.75,4275.053337
5,-0.5,False,0.7385489458759964,-0.674199862463242,24.75,4275.053337
5,0.5,False,0.674199862463242,-0.7385489458759964,24.75,4275.053337
5,1.5,False,0.6030226891555273,-0.7977240352174656,24.75,4275.053337
5,2.5,False,0.5222329678670935,-0.8528028654224418,24.75,4275.053337
5,3.5,False,0.4264014327112209,-0.9045340337332909,24.75,4275.053337
5,4.5,False,0.30151134457776363,-0.9534625892455924,24.75,4275.053337
5,-4.5,True,0.30151134457776363,0.9534625892455924,-20.625,4275.053337
5,-3.5,True,0.4264014327112209,0.9045340337332909,-20.625,4275.053337
5,-2.5,True,0.5222329678670935,0.8528028654224418,-20.625,4275.053337
5,-1.5,True,0.6030226891555273,0.7977240352174656,-20.625,4275.053337
5,-0.5,True,0.674199862463242,0.7385489458759964,-20.625,4275.053337
5,0.5,True,0.7385489458759964,0.674199862463242,-20.625,4275.053337
5,1.5,True,0.7977240352174656,0.6030226891555273,-20.625,4275.053337
5,2.5,True,0.8528028654224418,0.5222329678670935,-20.625,4275.053337
5,3.5,True,0.9045340337332909,0.4264014327112209,-20.625,4275.053337
5,4.5,True,0.9534625892455924,0.30151134457776363,-20.625,4275.053337
5,5.5,True,1.0,0.0,-20.625,4275.053337
6,-6.5,False,0.0,1.0,-24.75,5985.074671800001
6,-5.5,False,0.9607689228305228,-0.2773500981126146,28.875,5985.074671800001
6,-4.5,False,0.9198662110077999,-0.3922322702763681,28.875,5985.074671800001
6,-3.5,False,0.8770580193070292,-0.4803844614152614,28.875,5985.074671800001
6,-2.5,False,0.8320502943378437,-0.5547001962252291,28.875,5985.074671800001
6,-1.5,False,0.7844645405527362,-0.6201736729460423,28.875,5985.074671800001
6,-0.5,False,0.7337993857053428,-0.6793662204867574,28.875,5985.074671800001
6,0.5,False,0.6793662204867574,-0.7337993857053428,28.875,5985.074671800001
6,1.5,False,0.6201736729460423,-0.7844645405527362,28.875,5985.074671800001
6,2.5,False,0.5547001962252291,-0.8320502943378437,28.875,5985.074671800001
6,3.5,False,0.4803844614152614,-0.8770580193070292,28.875,5985.074671800001
6,4.5,False,0.3922322702763681,-0.9198662110077999,28.875,5985.074671800001
6,5.5,False,0.2773500981126146,-0.9607689228305228,28.875,5985.074671800001
6,-5.5,True,0.2773500981126146,0.9607689228305228,-24.75,5985.074671800001
6,-4.5,True,0.3922322702763681,0.9198662110077999,-24.75,5985.074671800001
6,-3.5,True,0.4803844614152614,0.8770580193070292,-24.75,5985.074671800001
6,-2.5,True,0.5547001962252291,0.8320502943378437,-24.75,5985.074671800001
6,-1.5,True,0.6201736729460423,0.7844645405527362,-24.75,5985.074671800001
6,-0.5,True,0.6793662204867574,0.7337993857053428,-24.75,5985.074671800001
6,0.5,True,0.7337993857053428,0.6793662204867574,-24.75,5985.074671800001
6,1.5,True,0.7844645405527362,0.6201736729460423,-24.75,5985.074671800001
6,2.5,True,0.8320502943378437,0.5547001962252291,-24.75,5985.074671800001
6,3.5,True,0.8770580193070292,0.4803844614152614,-24.75,5985.074671800001
6,4.5,True,0.9198662110077999,0.3922322702763681,-24.75,5985.074671800001
6,5.5,True,0.9607689228305228,0.2773500981126146,-24.75,5985.074671800001
6,6.5,True,1.0,0.0,-24.75,5985.074671800001
7,-7.5,False,0.0,1.0,-28.84,7980.099562400001
7,-6.5,False,0.9660917830792959,-0.25819888974716104,32.96,7980.099562400001
7,-5.5,False,0.9309493362512627,-0.3651483716701107,32.96,7980.099562400001
7,-4.5,False,0.8944271909999159,-0.4472135954999579,32.96,7980.099562400001
7,-3.5,False,0.8563488385776753,-0.5163977794943222,32.96,7980.099562400001
7,-2.5,False,0.816496580927726,-0.5773502691896257,32.96,7980.099562400001
7,-1.5,False,0.7745966692414834,-0.6324555320336759,32.96,7980.099562400001
7,-0.5,False,0.7302967433402214,-0.6831300510639732,32.96,7980.099562400001
7,0.5,False,0.6831300510639732,-0.7302967433402214,32.96,7980.099562400001
7,1.5,False,0.6324555320336759,-0.7745966692414834,32.96,7980.099562400001
7,2.5,False,0.5773502691896257,-0.816496580927726,32.96,7980.099562400001
7,3.5,False,0.5163977794943222,-0.8563488385776753,32.96,7980.099562400001
7,4.5,False,0.4472135954999579,-0.8944271909999159,32.96,7980.099562400001
7,5.5,False,0.3651483716701107,-0.9309493362512627,32.96,7980.099562400001
7,6.5,False,0.25819888974716104,-0.9660917830792959,32.96,7980.099562400001
7,-6.5,True,0.25819888974716104,0.9660917830792959,-28.84,7980.099562400001
7,-5.5,True,0.3651483716701107,0.9309493362512627,-28.84,7980.099562400001
7,-4.5,True,0.4472135954999579,0.8944271909999159,-28.84,7980.099562400001
7,-3.5,True,0.5163977794943222,0.8563488385776753,-28.84,7980.099562400001
7,-2.5,True,0.5773502691896257,0.816496580927726,-28.84,7980.099562400001
7,-1.5,True,0.6324555320336759,0.7745966692414834,-28.84,7980.099562400001
7,-0.5,True,0.6831300510639732,0.7302967433402214,-28.84,7980.099562400001
7,0.5,True,0.7302967433402214,0.6831300510639732,-28.84,7980.099562400001
7,1.5,True,0.7745966692414834,0.6324555320336759,-28.84,7980.099562400001
7,2.5,True,0.816496580927726,0.5773502691896257,-28.84,7980.099562400001
7,3.5,True,0.8563488385776753,0.5163977794943222,-28.84,7980.099562400001
7,4.5,True,0.8944271909999159,0.4472135954999579,-28.84,7980.099562400001
7,5.5,True,0.9309493362512627,0.3651483716701107,-28.84,7980.099562400001
7,6.5,True,0.9660917830792959,0.25819888974716104,-28.84,7980.099562400001
7,7.5,True,1.0,0.0,-28.84,7980.099562400001
8,-8.5,False,0.0,1.0,-32.96,10260.1280088
8,-7.5,False,0.9701425001453319,-0.242535625036333,37.080000000000005,10260.1280088
8,-6.5,False,0.9393364366277243,-0.3429971702850177,37.080000000000005,10260.1280088
8,-5.5,False,0.9074852129730302,-0.420084025208403,37.080000000000005,10260.1280088
8,-4.5,False,0.8744746321952062,-0.485071250072666,37.080000000000005,10260.1280088
8,-3.5,False,0.8401680504168059,-0.5423261445466404,37.080000000000005,10260.1280088
8,-2.5,False,0.8043996665398436,-0.5940885257860046,37.08,10260.1280088
8,-1.5,False,0.7669649888473704,-0.6416889479197478,37.08,10260.1280088
8,-0.5,False,0.7276068751089989,-0.6859943405700354,37.080000000000005,10260.1280088
8,0.5,False,0.6859943405700354,-0.7276068751089989,37.080000000000005,10260.1280088
8,1.5,False,0.6416889479197478,-0.7669649888473704,37.08,10260.1280088
8,2.5,False,0.5940885257860046,-0.8043996665398436,37.08,10260.1280088
8,3.5,False,0.5423261445466404,-0.8401680504168059,37.080000000000005,10260.1280088
8,4.5,False,0.485071250072666,-0.8744746321952062,37.080000000000005,10260.1280088
8,5.5,False,0.420084025208403,-0.9074852129730302,37.080000000000005,10260.1280088
8,6.5,False,0.3429971702850177,-0.9393364366277243,37.080000000000005,10260.1280088
8,7.5,False,0.242535625036333,-0.9701425001453319,37.080000000000005,10260.1280088
8,-7.5,True,0.242535625036333,0.9701425001453319,-32.96,10260.1280088
8,-6.5,True,0.3429971702850177,0.9393364366277243,-32.96,10260.1280088
8,-5.5,True,0.420084025208403,0.9074852129730302,-32.96,10260.1280088
8,-4.5,True,0.485071250072666,0.8744746321952062,-32.96,10260.1280088
8,-3.5,True,0.5423261445466404,0.8401680504168059,-32.96,10260.1280088
8,-2.5,True,0.5940885257860046,0.8043996665398436,-32.959999999999994,10260.1280088
8,-1.5,True,0.6416889479197478,0.7669649888473704,-32.959999999999994,10260.1280088
8,-0.5,True,0.6859943405700354,0.7276068751089989,-32.96,10260.1280088
8,0.5,True,0.7276068751089989,0.6859943405700354,-32.96,10260.1280088
8,1.5,True,0.7669649888473704,0.6416889479197478,-32.959999999999994,10260.1280088
8,2.5,True,0.8043996665398436,0.5940885257860046,-32.959999999999994,10260.1280088
8,3.5,True,0.8401680504168059,0.5423261445466404,-32.96,10260.1280088
8,4.5,True,0.8744746321952062,0.485071250072666,-32.96,10260.1280088
8,5.5,True,0.9074852129730302,0.420084025208403,-32.96,10260.1280088
8,6.5,True,0.9393364366277243,0.3429971702850177,-32.96,10260.1280088
8,7.5,True,0.9701425001453319,0.242535625036333,-32.96,10260.1280088
8,8.5,True,1.0,0.0,-32.96,10260.1280088
9,-9.5,False,0.0,1.0,-37.035000000000004,12825.160011
9,-8.5,False,0.9733285267845752,-0.22941573387056183,41.15,12825.160011
9,-7.5,False,0.9459053029269173,-0.3244428422615251,41.15,12825.160011
9,-6.5,False,0.9176629354822471,-0.39735970711951313,41.15,12825.160011
9,-5.5,False,0.8885233166386386,-0.45883146774112354,41.15,12825.160011
9,-4.5,False,0.8583950752789521,-0.512989176042577,41.15,12825.160011
9,-3.5,False,0.8271701918685112,-0.5619514869490163,41.15,12825.160011
9,-2.5,False,0.7947194142390263,-0.6069769786668839,41.15,12825.160011
9,-1.5,False,0.7608859102526822,-0.6488856845230502,41.15,12825.160011
9,-0.5,False,0.7254762501100116,-0.6882472016116853,41.15,12825.160011
9,0.5,False,0.6882472016116853,-0.7254762501100116,41.15,12825.160011
9,1.5,False,0.6488856845230502,-0.7608859102526822,41.15,12825.160011
9,2.5,False,0.6069769786668839,-0.7947194142390263,41.15,12825.160011
9,3.5,False,0.5619514869490163,-0.8271701918685112,41.15,12825.160011
9,4.5,False,0.512989176042577,-0.8583950752789521,41.15,12825.160011
9,5.5,False,0.45883146774112354,-0.8885233166386386,41.15,12825.160011
9,6.5,False,0.39735970711951313,-0.9176629354822471,41.15,12825.160011
9,7.5,False,0.3244428422615251,-0.9459053029269173,41.15,12825.160011
9,8.5,False,0.22941573387056183,-0.9733285267845752,41.15,12825.160011
9,-8.5,True,0.22941573387056183,0.9733285267845752,-37.035000000000004,12825.160011
9,-7.5,True,0.3244428422615251,0.9459053029269173,-37.035000000000004,12825.160011
9,-6.5,True,0.39735970711951313,0.9176629354822471,-37.035000000000004,12825.160011
9,-5.5,True,0.45883146774112354,0.8885233166386386,-37.035000000000004,12825.160011
9,-4.5,True,0.512989176042577,0.8583950752789521,-37.035000000000004,12825.160011
9,-3.5,True,0.5619514869490163,0.8271701918685112,-37.035000000000004,12825.160011
9,-2.5,True,0.6069769786668839,0.7947194142390263,-37.035000000000004,12825.160011
9,-1.5,True,0.6488856845230502,0.7608859102526822,-37.035000000000004,12825.160011
9,-0.5,True,0.6882472016116853,0.7254762501100116,-37.035000000000004,12825.160011
9,0.5,True,0.7254762501100116,0.6882472016116853,-37.035000000000004,12825.160011
9,1.5,True,0.7608859102526822,0.6488856845230502,-37.035000000000004,12825.160011
9,2.5,True,0.7947194142390263,0.6069769786668839,-37.035000000000004,12825.160011
9,3.5,True,0.8271701918685112,0.5619514869490163,-37.035000000000004,12825.160011
9,4.5,True,0.8583950752789521,0.512989176042577,-37.035000000000004,12825.160011
9,5.5,True,0.8885233166386386,0.45883146774112354,-37.035000000000004,12825.160011
9,6.5,True,0.9176629354822471,0.39735970711951313,-37.035000000000004,12825.160011
9,7.5,True,0.9459053029269173,0.3244428422615251,-37.035000000000004,12825.160011
9,8.5,True,0.9733285267845752,0.22941573387056183,-37.035000000000004,12825.160011
9,9.5,True,1.0,0.0,-37.035000000000004,12825.160011
10,-10.5,False,0.0,1.0,-41.1,15675.195569
10,-9.5,False,0.9759000729485332,-0.21821789023599236,45.21,15675.195569
10,-8.5,False,0.9511897312113419,-0.30860669992418377,45.21,15675.195569
10,-7.5,False,0.9258200997725515,-0.3779644730092272,45.21,15675.195569
10,-6.5,False,0.8997354108424372,-0.4364357804719848,45.21000000000001,15675.195569
10,-5.5,False,0.8728715609439696,-0.4879500364742666,45.21,15675.195569
10,-4.5,False,0.8451542547285166,-0.5345224838248488,45.21,15675.195569
10,-3.5,False,0.816496580927726,-0.5773502691896257,45.21,15675.195569
10,-2.5,False,0.7867957924694432,-0.6172133998483676,45.21,15675.195569
10,-1.5,False,0.7559289460184544,-0.6546536707079772,45.21,15675.195569
10,-0.5,False,0.7237468644557459,-0.6900655593423543,45.21,15675.195569
10,0.5,False,0.6900655593423543,-0.7237468644557459,45.21,15675.195569
10,1.5,False,0.6546536707079772,-0.7559289460184544,45.21,15675.195569
10,2.5,False,0.6172133998483676,-0.7867957924694432,45.21,15675.195569
10,3.5,False,0.5773502691896257,-0.816496580927726,45.21,15675.195569
10,4.5,False,0.5345224838248488,-0.8451542547285166,45.21,15675.195569
10,5.5,False,0.4879500364742666,-0.8728715609439696,45.21,15675.195569
10,6.5,False,0.4364357804719848,-0.8997354108424372,45.21000000000001,15675.195569
10,7.5,False,0.3779644730092272,-0.9258200997725515,45.21,15675.195569
10,8.5,False,0.30860669992418377,-0.9511897312113419,45.21,15675.195569
10,9.5,False,0.21821789023599236,-0.9759000729485332,45.21,15675.195569
10,-9.5,True,0.21821789023599236,0.9759000729485332,-41.1,15675.195569
10,-8.5,True,0.30860669992418377,0.9511897312113419,-41.1,15675.195569
10,-7.5,True,0.3779644730092272,0.9258200997725515,-41.1,15675.195569
10,-6.5,True,0.4364357804719848,0.8997354108424372,-41.10000000000001,15675.195569
10,-5.5,True,0.4879500364742666,0.8728715609439696,-41.1,15675.195569
10,-4.5,True,0.5345224838248488,0.8451542547285166,-41.1,15675.195569
10,-3.5,True,0.5773502691896257,0.816496580927726,-41.1,15675.195569
10,-2.5,True,0.6172133998483676,0.7867957924694432,-41.1,15675.195569
10,-1.5,True,0.6546536707079772,0.7559289460184544,-41.1,15675.195569
10,-0.5,True,0.6900655593423543,0.7237468644557459,-41.1,15675.195569
10,0.5,True,0.7237468644557459,0.6900655593423543,-41.1,15675.195569
10,1.5,True,0.7559289460184544,0.6546536707079772,-41.1,15675.195569
10,2.5,True,0.7867957924694432,0.6172133998483676,-41.1,15675.195569
10,3.5,True,0.816496580927726,0.5773502691896257,-41.1,15675.195569
10,4.5,True,0.8451542547285166,0.5345224838248488,-41.1,15675.195569
10,5.5,True,0.8728715609439696,0.4879500364742666,-41.1,15675.195569
10,6.5,True,0.8997354108424372,0.4364357804719848,-41.10000000000001,15675.195569
10,7.5,True,0.9258200997725515,0.3779644730092272,-41.1,15675.195569
10,8.5,True,0.9511897312113419,0.30860669992418377,-41.1,15675.195569
10,9.5,True,0.9759000729485332,0.21821789023599236,-41.1,15675.195569
10,10.5,True,1.0,0.0,-41.1,15675.195569
11,-11.5,False,0.0,1.0,-45.155,18810.2346828
11,-10.5,False,0.9780192938436515,-0.2085144140570747,49.260000000000005,18810.2346828
11,-9.5,False,0.9555330859059092,-0.29488391230979427,49.260000000000005,18810.2346828
11,-8.5,False,0.9325048082403138,-0.3611575592573076,49.260000000000005,18810.2346828
11,-7.5,False,0.9088932591463857,-0.41702882811414954,49.260000000000005,18810.2346828
11,-6.5,False,0.8846517369293829,-0.46625240412015684,49.260000000000005,18810.2346828
11,-5.5,False,0.8597269536210951,-0.5107539184552492,49.260000000000005,18810.2346828
11,-4.5,False,0.8340576562282991,-0.5516772843673704,49.260000000000005,18810.2346828
11,-3.5,False,0.8075728530872482,-0.5897678246195885,49.260000000000005,18810.2346828
11,-2.5,False,0.7801894976054939,-0.6255432421712243,49.260000000000005,18810.2346828
11,-1.5,False,0.7518094115561123,-0.6593804733957871,49.260000000000005,18810.2346828
11,-0.5,False,0.7223151185146152,-0.6915640748081245,49.260000000000005,18810.2346828
11,0.5,False,0.6915640748081245,-0.7223151185146152,49.260000000000005,18810.2346828
11,1.5,False,0.6593804733957871,-0.7518094115561123,49.260000000000005,18810.2346828
11,2.5,False,0.6255432421712243,-0.7801894976054939,49.260000000000005,18810.2346828
11,3.5,False,0.5897678246195885,-0.8075728530872482,49.260000000000005,18810.2346828
11,4.5,False,0.5516772843673704,-0.8340576562282991,49.260000000000005,18810.2346828
11,5.5,False,0.5107539184552492,-0.8597269536210951,49.260000000000005,18810.2346828
11,6.5,False,0.46625240412015684,-0.8846517369293829,49.260000000000005,18810.2346828
11,7.5,False,0.41702882811414954,-0.9088932591463857,49.260000000000005,18810.2346828
11,8.5,False,0.3611575592573076,-0.9325048082403138,49.260000000000005,18810.2346828
11,9.5,False,0.29488391230979427,-0.9555330859059092,49.260000000000005,18810.2346828
11,10.5,False,0.2085144140570747,-0.9780192938436515,49.260000000000005,18810.2346828
11,-10.5,True,0.2085144140570747,0.9780192938436515,-45.155,18810.2346828
11,-9.5,True,0.29488391230979427,0.9555330859059092,-45.155,18810.2346828
11,-8.5,True,0.3611575592573076,0.9325048082403138,-45.155,18810.2346828
11,-7.5,True,0.41702882811414954,0.9088932591463857,-45.155,18810.2346828
11,-6.5,True,0.46625240412015684,0.8846517369293829,-45.155,18810.2346828
11,-5.5,True,0.5107539184552492,0.8597269536210951,-45.155,18810.2346828
11,-4.5,True,0.5516772843673704,0.8340576562282991,-45.155,18810.2346828
11,-3.5,True,0.5897678246195885,0.8075728530872482,-45.155,18810.2346828
11,-2.5,True,0.6255432421712243,0.7801894976054939,-45.155,18810.2346828
11,-1.5,True,0.6593804733957871,0.7518094115561123,-45.155,18810.2346828
11,-0.5,True,0.6915640748081245,0.7223151185146152,-45.155,18810.2346828
11,0.5,True,0.7223151185146152,0.6915640748081245,-45.155,18810.2346828
11,1.5,True,0.7518094115561123,0.6593804733957871,-45.155,18810.2346828
11,2.5,True,0.7801894976054939,0.6255432421712243,-45.155,18810.2346828
11,3.5,True,0.8075728530872482,0.5897678246195885,-45.155,18810.2346828
11,4.5,True,0.8340576562282991,0.5516772843673704,-45.155,18810.2346828
11,5.5,True,0.8597269536210951,0.5107539184552492,-45.155,18810.2346828
11,6.5,True,0.8846517369293829,0.46625240412015684,-45.155,18810.2346828
11,7.5,True,0.9088932591463857,0.41702882811414954,-45.155,18810.2346828
11,8.5,True,0.9325048082403138,0.3611575592573076,-45.155,18810.2346828
11,9.5,True,0.9555330859059092,0.29488391230979427,-45.155,18810.2346828
11,10.5,True,0.9780192938436515,0.2085144140570747,-45.155,18810.2346828
11,11.5,True,1.0,0.0,-45.155,18810.2346828
12,-12.5,False,0.0,1.0,-49.199999999999996,22230.277352400004
12,-11.5,False,0.9797958971132713,-0.20000000000000004,53.3,22230.277352400004
12,-10.5,False,0.9591663046625438,-0.28284271247461906,53.3,22230.277352400004
12,-9.5,False,0.938083151964686,-0.34641016151377546,53.29999999999999,22230.277352400004
12,-8.5,False,0.9165151389911681,-0.4,53.29999999999999,22230.277352400004
12,-7.5,False,0.8944271909999159,-0.4472135954999579,53.29999999999999,22230.277352400004
12,-6.5,False,0.8717797887081347,-0.48989794855663565,53.3,22230.277352400004
12,-5.5,False,0.848528137423857,-0.5291502622129182,53.3,22230.277352400004
12,-4.5,False,0.8246211251235321,-0.565685424949238,53.3,22230.277352400004
12,-3.5,False,0.7999999999999999,-0.6000000000000001,53.3,22230.277352400004
12,-2.5,False,0.7745966692414834,-0.6324555320336759,53.3,22230.277352400004
12,-1.5,False,0.7483314773547882,-0.6633249580710799,53.3,22230.277352400004
12,-0.5,False,0.7211102550927979,-0.6928203230275509,53.29999999999999,22230.277352400004
12,0.5,False,0.6928203230275509,-0.7211102550927979,53.29999999999999,22230.277352400004
12,1.5,False,0.6633249580710799,-0.7483314773547882,53.3,22230.277352400004
12,2.5,False,0.6324555320336759,-0.7745966692414834,53.3,22230.277352400004
12,3.5,False,0.6000000000000001,-0.7999999999999999,53.3,22230.277352400004
12,4.5,False,0.565685424949238,-0.8246211251235321,53.3,22230.277352400004
12,5.5,False,0.5291502622129182,-0.848528137423857,53.3,22230.277352400004
12,6.5,False,0.48989794855663565,-0.8717797887081347,53.3,22230.277352400004
12,7.5,False,0.4472135954999579,-0.8944271909999159,53.29999999999999,22230.277352400004
12,8.5,False,0.4,-0.9165151389911681,53.29999999999999,22230.277352400004
12,9.5,False,0.34641016151377546,-0.938083151964686,53.29999999999999,22230.277352400004
12,10.5,False,0.28284271247461906,-0.9591663046625438,53.3,22230.277352400004
12,11.5,False,0.20000000000000004,-0.9797958971132713,53.3,22230.277352400004
12,-11.5,True,0.20000000000000004,0.9797958971132713,-49.2,22230.277352400004
12,-10.5,True,0.28284271247461906,0.9591663046625438,-49.2,22230.277352400004
12,-9.5,True,0.34641016151377546,0.938083151964686,-49.199999999999996,22230.277352400004
12,-8.5,True,0.4,0.9165151389911681,-49.199999999999996,22230.277352400004
12,-7.5,True,0.4472135954999579,0.8944271909999159,-49.199999999999996,22230.277352400004
12,-6.5,True,0.48989794855663565,0.8717797887081347,-49.2,22230.277352400004
12,-5.5,True,0.5291502622129182,0.848528137423857,-49.2,22230.277352400004
12,-4.5,True,0.565685424949238,0.8246211251235321,-49.2,22230.277352400004
12,-3.5,True,0.6000000000000001,0.7999999999999999,-49.2,22230.277352400004
12,-2.5,True,0.6324555320336759,0.7745966692414834,-49.2,22230.277352400004
12,-1.5,True,0.6633249580710799,0.7483314773547882,-49.2,22230.277352400004
12,-0.5,True,0.6928203230275509,0.7211102550927979,-49.199999999999996,22230.277352400004
12,0.5,True,0.7211102550927979,0.6928203230275509,-49.199999999999996,22230.277352400004
12,1.5,True,0.7483314773547882,0.6633249580710799,-49.2,22230.277352400004
12,2.5,True,0.7745966692414834,0.6324555320336759,-49.2,22230.277352400004
12,3.5,True,0.7999999999999999,0.6000000000000001,-49.2,22230.277352400004
12,4.5,True,0.8246211251235321,0.565685424949238,-49.2,22230.277352400004
12,5.5,True,0.848528137423857,0.5291502622129182,-49.2,22230.277352400004
12,6.5,True,0.8717797887081347,0.48989794855663565,-49.2,22230.277352400004
12,7.5,True,0.8944271909999159,0.4472135954999579,-49.199999999999996,22230.277352400004
12,8.5,True,0.9165151389911681,0.4,-49.199999999999996,22230.277352400004
12,9.5,True,0.938083151964686,0.34641016151377546,-49.199999999999996,22230.277352400004
12,10.5,True,0.9591663046625438,0.28284271247461906,-49.2,22230.277352400004
12,11.5,True,0.9797958971132713,0.20000000000000004,-49.2,22230.277352400004
12,12.5,True,1.0,0.0,-49.199999999999996,22230.277352400004
13,-13.5,False,0.0,1.0,-53.235,25935.3235778
13,-12.5,False,0.9813067629253164,-0.19245008972987523,57.33,25935.3235778
13,-11.5,False,0.9622504486493763,-0.2721655269759088,57.33,25935.3235778
13,-10.5,False,0.9428090415820634,-0.33333333333333337,57.33,25935.3235778
13,-9.5,False,0.9229582069908973,-0.3849001794597505,57.33,25935.3235778
13,-8.5,False,0.9026709338484401,-0.43033148291193524,57.33,25935.3235778
13,-7.5,False,0.8819171036881969,-0.4714045207910317,57.33,25935.3235778
13,-6.5,False,0.8606629658238705,-0.5091750772173156,57.33,25935.3235778
13,-5.5,False,0.838870492807861,-0.5443310539518174,57.33,25935.3235778
13,-4.5,False,0.816496580927726,-0.5773502691896258,57.33,25935.3235778
13,-3.5,False,0.7934920476158722,-0.6085806194501846,57.33,25935.3235778
13,-2.5,False,0.769800358919501,-0.6382847385042254,57.33,25935.3235778
13,-1.5,False,0.7453559924999299,-0.6666666666666667,57.33,25935.3235778
13,-0.5,False,0.7200822998230956,-0.693888666488711,57.33,25935.3235778
13,0.5,False,0.693888666488711,-0.7200822998230956,57.33,25935.3235778
13,1.5,False,0.6666666666666667,-0.7453559924999299,57.33,25935.3235778
13,2.5,False,0.6382847385042254,-0.769800358919501,57.33,25935.3235778
13,3.5,False,0.6085806194501846,-0.7934920476158722,57.33,25935.3235778
13,4.5,False,0.5773502691896258,-0.816496580927726,57.33,25935.3235778
13,5.5,False,0.5443310539518174,-0.838870492807861,57.33,25935.3235778
13,6.5,False,0.5091750772173156,-0.8606629658238705,57.33,25935.3235778
13,7.5,False,0.4714045207910317,-0.8819171036881969,57.33,25935.3235778
13,8.5,False,0.43033148291193524,-0.9026709338484401,57.33,25935.3235778
13,9.5,False,0.3849001794597505,-0.9229582069908973,57.33,25935.3235778
13,10.5,False,0.33333333333333337,-0.9428090415820634,57.33,25935.3235778
13,11.5,False,0.2721655269759088,-0.9622504486493763,57.33,25935.3235778
13,12.5,False,0.19245008972987523,-0.9813067629253164,57.33,25935.3235778
13,-12.5,True,0.19245008972987523,0.9813067629253164,-53.235,25935.3235778
13,-11.5,True,0.2721655269759088,0.9622504486493763,-53.235,25935.3235778
13,-10.5,True,0.33333333333333337,0.9428090415820634,-53.235,25935.3235778
13,-9.5,True,0.3849001794597505,0.9229582069908973,-53.235,25935.3235778
13,-8.5,True,0.43033148291193524,0.9026709338484401,-53.235,25935.3235778
13,-7.5,True,0.4714045207910317,0.8819171036881969,-53.235,25935.3235778
13,-6.5,True,0.5091750772173156,0.8606629658238705,-53.235,25935.3235778
13,-5.5,True,0.5443310539518174,0.838870492807861,-53.235,25935.3235778
13,-4.5,True,0.5773502691896258,0.816496580927726,-53.235,25935.3235778
13,-3.5,True,0.6085806194501846,0.7934920476158722,-53.235,25935.3235778
13,-2.5,True,0.6382847385042254,0.769800358919501,-53.235,25935.3235778
13,-1.5,True,0.6666666666666667,0.7453559924999299,-53.235,25935.3235778
13,-0.5,True,0.693888666488711,0.7200822998230956,-53.235,25935.3235778
13,0.5,True,0.7200822998230956,0.693888666488711,-53.235,25935.3235778
13,1.5,True,0.7453559924999299,0.6666666666666667,-53.235,25935.3235778
13,2.5,True,0.769800358919501,0.6382847385042254,-53.235,25935.3235778
13,3.5,True,0.7934920476158722,0.6085806194501846,-53.235,25935.3235778
13,4.5,True,0.816496580927726,0.5773502691896258,-53.235,25935.3235778
13,5.5,True,0.838870492807861,0.5443310539518174,-53.235,25935.3235778
13,6.5,True,0.8606629658238705,0.5091750772173156,-53.235,25935.3235778
13,7.5,True,0.8819171036881969,0.4714045207910317,-53.235,25935.3235778
13,8.5,True,0.9026709338484401,0.43033148291193524,-53.235,25935.3235778
13,9.5,True,0.9229582069908973,0.3849001794597505,-53.235,25935.3235778
13,10.5,True,0.9428090415820634,0.33333333333333337,-53.235,25935.3235778
13,11.5,True,0.9622504486493763,0.2721655269759088,-53.235,25935.3235778
13,12.5,True,0.9813067629253164,0.19245008972987523,-53.235,25935.3235778
13,13.5,True,1.0,0.0,-53.235,25935.3235778
14,-14.5,False,0.0,1.0,-57.26,29925.373359
14,-13.5,False,0.982607368881035,-0.18569533817705178,61.349999999999994,29925.373359
14,-12.5,False,0.9649012813540154,-0.2626128657194451,61.35,29925.373359
14,-11.5,False,0.9468641529479986,-0.3216337604513384,61.349999999999994,29925.373359
14,-10.5,False,0.9284766908852593,-0.3713906763541037,61.35,29925.373359
14,-9.5,False,0.909717652294684,-0.41522739926869984,61.35,29925.373359
14,-8.5,False,0.8905635565617211,-0.454858826147342,61.35,29925.373359
14,-7.5,False,0.8709883407113854,-0.4913036844405175,61.35,29925.373359
14,-6.5,False,0.8509629433967631,-0.5252257314388902,61.349999999999994,29925.373359
14,-5.5,False,0.8304547985373997,-0.5570860145311556,61.349999999999994,29925.373359
14,-4.5,False,0.8094272134003795,-0.5872202195147035,61.349999999999994,29925.373359
14,-3.5,False,0.7878385971583354,-0.6158817620514397,61.349999999999994,29925.373359
14,-2.5,False,0.7656414934887764,-0.6432675209026769,61.349999999999994,29925.373359
14,-1.5,False,0.7427813527082076,-0.6695340634119862,61.349999999999994,29925.373359
14,-0.5,False,0.7191949522280763,-0.6948083337796511,61.349999999999994,29925.373359
14,0.5,False,0.6948083337796511,-0.7191949522280763,61.349999999999994,29925.373359
14,1.5,False,0.6695340634119862,-0.7427813527082076,61.349999999999994,29925.373359
14,2.5,False,0.6432675209026769,-0.7656414934887764,61.349999999999994,29925.373359
14,3.5,False,0.6158817620514397,-0.7878385971583354,61.349999999999994,29925.373359
14,4.5,False,0.5872202195147035,-0.8094272134003795,61.349999999999994,29925.373359
14,5.5,False,0.5570860145311556,-0.8304547985373997,61.349999999999994,29925.373359
14,6.5,False,0.5252257314388902,-0.8509629433967631,61.349999999999994,29925.373359
14,7.5,False,0.4913036844405175,-0.8709883407113854,61.35,29925.373359
14,8.5,False,0.454858826147342,-0.8905635565617211,61.35,29925.373359
14,9.5,False,0.41522739926869984,-0.909717652294684,61.35,29925.373359
14,10.5,False,0.3713906763541037,-0.9284766908852593,61.35,29925.373359
14,11.5,False,0.3216337604513384,-0.9468641529479986,61.349999999999994,29925.373359
14,12.5,False,0.2626128657194451,-0.9649012813540154,61.35,29925.373359
14,13.5,False,0.18569533817705178,-0.982607368881035,61.349999999999994,29925.373359
14,-13.5,True,0.18569533817705178,0.982607368881035,-57.25999999999999,29925.373359
14,-12.5,True,0.2626128657194451,0.9649012813540154,-57.26,29925.373359
14,-11.5,True,0.3216337604513384,0.9468641529479986,-57.25999999999999,29925.373359
14,-10.5,True,0.3713906763541037,0.9284766908852593,-57.26,29925.373359
14,-9.5,True,0.41522739926869984,0.909717652294684,-57.26,29925.373359
14,-8.5,True,0.454858826147342,0.8905635565617211,-57.26,29925.373359
14,-7.5,True,0.4913036844405175,0.8709883407113854,-57.26,29925.373359
14,-6.5,True,0.5252257314388902,0.8509629433967631,-57.25999999999999,29925.373359
14,-5.5,True,0.5570860145311556,0.8304547985373997,-57.25999999999999,29925.373359
14,-4.5,True,0.5872202195147035,0.8094272134003795,-57.25999999999999,29925.373359
14,-3.5,True,0.6158817620514397,0.7878385971583354,-57.25999999999999,29925.373359
14,-2.5,True,0.6432675209026769,0.7656414934887764,-57.25999999999999,29925.373359
14,-1.5,True,0.6695340634119862,0.7427813527082076,-57.25999999999999,29925.373359
14,-0.5,True,0.6948083337796511,0.7191949522280763,-57.25999999999999,29925.373359
14,0.5,True,0.7191949522280763,0.6948083337796511,-57.25999999999999,29925.373359
14,1.5,True,0.7427813527082076,0.6695340634119862,-57.25999999999999,29925.373359
14,2.5,True,0.7656414934887764,0.6432675209026769,-57.25999999999999,29925.373359
14,3.5,True,0.7878385971583354,0.6158817620514397,-57.25999999999999,29925.373359
14,4.5,True,0.8094272134003795,0.5872202195147035,-57.25999999999999,29925.373359
14,5.5,True,0.8304547985373997,0.5570860145311556,-57.25999999999999,29925.373359
14,6.5,True,0.8509629433967631,0.5252257314388902,-57.25999999999999,29925.373359
14,7.5,True,0.8709883407113854,0.4913036844405175,-57.26,29925.373359
14,8.5,True,0.8905635565617211,0.454858826147342,-57.26,29925.373359
14,9.5,True,0.909717652294684,0.41522739926869984,-57.26,29925.373359
14,10.5,True,0.9284766908852593,0.3713906763541037,-57.26,29925.373359
14,11.5,True,0.9468641529479986,0.3216337604513384,-57.25999999999999,29925.373359
14,12.5,True,0.9649012813540154,0.2626128657194451,-57.26,29925.373359
14,13.5,True,0.982607368881035,0.18569533817705178,-57.25999999999999,29925.373359
14,14.5,True,1.0,0.0,-57.26,29925.373359
