j,m1,xi1,m2,xi2,index1,index2,energy_diff,coupling
0,0.5,True,-0.5,False,1,0,0.0,-0.0
1,-0.5,False,-1.5,False,3,2,-12.39,0.11547005383792491
1,0.5,False,-0.5,False,4,3,0.0,2.1873921238236447e-16
1,0.5,False,-0.5,True,4,5,-12.389999999999999,-0.19999999999999996
1,-0.5,True,-1.5,False,5,2,-8.881784197001252e-16,-0.16329931618554483
1,0.5,True,-0.5,True,6,5,0.0,2.1873921238236447e-16
1,0.5,True,-0.5,False,6,3,12.389999999999999,-0.19999999999999982
1,1.5,True,0.5,True,7,6,8.881784197001252e-16,0.16329931618554536
1,1.5,True,0.5,False,7,4,12.39,0.11547005383792523
2,-1.5,False,-2.5,False,9,8,-20.65,0.09035079029052506
2,-0.5,False,-1.5,False,10,9,0.0,-0.163299316185545
2,-0.5,False,-1.5,True,10,13,-20.65,-0.023328473740792152
2,0.5,False,-0.5,False,11,10,0.0,1.4888241447236326e-16
2,0.5,False,-0.5,True,11,14,-20.65,-0.08247860988423239
2,1.5,False,0.5,False,12,11,0.0,0.16329931618554536
2,1.5,False,0.5,True,12,15,-20.65,-0.08571428571428569
2,-1.5,True,-2.5,False,13,8,0.0,-0.18070158058105007
2,-0.5,True,-1.5,True,14,13,0.0,-0.1142857142857142
2,-0.5,True,-1.5,False,14,9,20.65,-0.08571428571428566
2,0.5,True,-0.5,True,15,14,0.0,1.4888241447236326e-16
2,0.5,True,-0.5,False,15,10,20.65,-0.0824786098842323
2,1.5,True,0.5,True,16,15,0.0,0.11428571428571448
2,1.5,True,0.5,False,16,11,20.65,-0.023328473740792065
2,2.5,True,1.5,True,17,16,0.0,0.18070158058105038
2,2.5,True,1.5,False,17,12,20.65,0.09035079029052517
3,-2.5,False,-3.5,False,19,18,-28.91,0.07273929674533079
3,-1.5,False,-2.5,False,20,19,0.0,-0.18070158058105035
3,-1.5,False,-2.5,True,20,25,-28.91,0.012295185226055343
3,-0.5,False,-1.5,False,21,20,0.0,-0.11428571428571438
3,-0.5,False,-1.5,True,21,26,-28.91,-0.030116930096841722
3,0.5,False,-0.5,False,22,21,0.0,-5.0334323204875206e-17
3,0.5,False,-0.5,True,22,27,-28.91,-0.05443310539518177
3,1.5,False,0.5,False,23,22,0.0,0.11428571428571423
3,1.5,False,0.5,True,23,28,-28.91,-0.06048431391510368
3,2.5,False,1.5,False,24,23,0.0,0.1807015805810503
3,2.5,False,1.5,True,24,29,-28.91,-0.047619047619047665
3,-2.5,True,-3.5,False,25,18,0.0,-0.17817416127494956
3,-1.5,True,-2.5,True,26,25,0.0,-0.15552315827194793
3,-1.5,True,-2.5,False,26,19,28.91,-0.04761904761904763
3,-0.5,True,-1.5,True,27,26,0.0,-0.08694008849288358
3,-0.5,True,-1.5,False,27,20,28.91,-0.060484313915103664
3,0.5,True,-0.5,True,28,27,0.0,-5.0334323204875206e-17
3,0.5,True,-0.5,False,28,21,28.91,-0.0544331053951818
3,1.5,True,0.5,True,29,28,0.0,0.08694008849288348
3,1.5,True,0.5,False,29,22,28.91,-0.030116930096841712
3,2.5,True,1.5,True,30,29,0.0,0.1555231582719478
3,2.5,True,1.5,False,30,23,28.91,0.012295185226055253
3,3.5,True,2.5,True,31,30,0.0,0.17817416127494973
3,3.5,True,2.5,False,31,24,28.91,0.07273929674533082
4,-3.5,False,-4.5,False,33,32,-37.17,0.060606060606060656
4,-2.5,False,-3.5,False,34,33,0.0,-0.17817416127494973
4,-2.5,False,-3.5,True,34,41,-37.17,0.02290693775813504
4,-1.5,False,-2.5,False,35,34,3.552713678800501e-15,-0.155523158271948
4,-1.5,False,-2.5,True,35,42,-37.17,-0.006612663340484622
4,-0.5,False,-1.5,False,36,35,-3.552713678800501e-15,-0.08694008849288368
4,-0.5,False,-1.5,True,36,43,-37.17,-0.027943602786489267
4,0.5,False,-0.5,False,37,36,0.0,-1.796942629721124e-16
4,0.5,False,-0.5,True,37,44,-37.17,-0.04106854104114781
4,1.5,False,0.5,False,38,37,3.552713678800501e-15,0.08694008849288352
4,1.5,False,0.5,True,38,45,-37.17,-0.04595002403489373
4,2.5,False,1.5,False,39,38,-3.552713678800501e-15,0.1555231582719477
4,2.5,False,1.5,True,39,46,-37.17,-0.0424889808494529
4,3.5,False,2.5,False,40,39,0.0,0.1781741612749495
4,3.5,False,2.5,True,40,47,-37.17,-0.03030303030303033
4,-3.5,True,-4.5,False,41,32,0.0,-0.1714198257421935
4,-2.5,True,-3.5,True,42,41,0.0,-0.17141982574219353
4,-2.5,True,-3.5,False,42,33,37.17,-0.030303030303030293
4,-1.5,True,-2.5,True,43,42,-3.552713678800501e-15,-0.13092405451329026
4,-1.5,True,-2.5,False,43,34,37.17,-0.04248898084945298
4,-0.5,True,-1.5,True,44,43,3.552713678800501e-15,-0.0699818508108639
4,-0.5,True,-1.5,False,44,35,37.17,-0.04595002403489365
4,0.5,True,-0.5,True,45,44,0.0,-1.796942629721124e-16
4,0.5,True,-0.5,False,45,36,37.17,-0.041068541041147835
4,1.5,True,0.5,True,46,45,-3.552713678800501e-15,0.06998185081086365
4,1.5,True,0.5,False,46,37,37.17,-0.027943602786489302
4,2.5,True,1.5,True,47,46,3.552713678800501e-15,0.13092405451329
4,2.5,True,1.5,False,47,38,37.17,-0.006612663340484591
4,3.5,True,2.5,True,48,47,0.0,0.1714198257421932
4,3.5,True,2.5,False,48,39,37.17,0.022906937758134925
4,4.5,True,3.5,True,49,48,0.0,0.17141982574219325
4,4.5,True,3.5,False,49,40,37.17,0.06060606060606059
5,-4.5,False,-5.5,False,51,50,-45.375,0.05186152788178786
5,-3.5,False,-4.5,False,52,51,0.0,-0.17141982574219333
5,-3.5,False,-4.5,True,52,61,-45.375,0.02606139833915838
5,-2.5,False,-3.5,False,53,52,0.0,-0.1714198257421933
5,-2.5,False,-3.5,True,53,62,-45.375,0.004662004662004665
5,-1.5,False,-2.5,False,54,53,0.0,-0.1309240545132902
5,-1.5,False,-2.5,True,54,63,-45.375,-0.012334504946688038
5,-0.5,False,-1.5,False,55,54,0.0,-0.06998185081086375
5,-0.5,False,-1.5,True,55,64,-45.375,-0.02492465412951897
5,0.5,False,-0.5,False,56,55,0.0,-4.774590919168389e-17
5,0.5,False,-0.5,True,56,65,-45.375,-0.03310242176245654
5,1.5,False,0.5,False,57,56,0.0,0.0699818508108637
5,1.5,False,0.5,True,57,66,-45.375,-0.03685638298564539
5,2.5,False,1.5,False,58,57,0.0,0.13092405451329003
5,2.5,False,1.5,True,58,67,-45.375,-0.03616185323456137
5,3.5,False,2.5,False,59,58,0.0,0.17141982574219328
5,3.5,False,2.5,True,59,68,-45.375,-0.03095351093557429
5,4.5,False,3.5,False,60,59,0.0,0.1714198257421933
5,4.5,False,3.5,True,60,69,-45.375,-0.020979020979020966
5,-4.5,True,-5.5,False,61,50,0.0,-0.16400055104277728
5,-3.5,True,-4.5,True,62,61,0.0,-0.17691063833109816
5,-3.5,True,-4.5,False,62,51,45.375,-0.02097902097902099
5,-2.5,True,-3.5,True,63,62,0.0,-0.15416369010523506
5,-2.5,True,-3.5,False,63,52,45.375,-0.0309535109355743
5,-1.5,True,-2.5,True,64,63,0.0,-0.11188811188811194
5,-1.5,True,-2.5,False,64,53,45.375,-0.036161853234561336
5,-0.5,True,-1.5,True,65,64,0.0,-0.058507694163222074
5,-0.5,True,-1.5,False,65,54,45.375,-0.03685638298564547
5,0.5,True,-0.5,True,66,65,0.0,-4.774590919168389e-17
5,0.5,True,-0.5,False,66,55,45.375,-0.03310242176245654
5,1.5,True,0.5,True,67,66,0.0,0.058507694163222025
5,1.5,True,0.5,False,67,56,45.375,-0.02492465412951889
5,2.5,True,1.5,True,68,67,0.0,0.11188811188811187
5,2.5,True,1.5,False,68,57,45.375,-0.012334504946688146
5,3.5,True,2.5,True,69,68,0.0,0.154163690105235
5,3.5,True,2.5,False,69,58,45.375,0.004662004662004706
5,4.5,True,3.5,True,70,69,0.0,0.17691063833109807
5,4.5,True,3.5,False,70,59,45.375,0.02606139833915837
5,5.5,True,4.5,True,71,70,0.0,0.16400055104277722
5,5.5,True,4.5,False,71,60,45.375,0.051861527881787835
6,-5.5,False,-6.5,False,73,72,-53.625,0.045291081365783824
6,-4.5,False,-5.5,False,74,73,0.0,-0.16400055104277725
6,-4.5,False,-5.5,True,74,85,-53.625,0.02651201344170245
6,-3.5,False,-4.5,False,75,74,0.0,-0.1769106383310982
6,-3.5,False,-4.5,True,75,86,-53.625,0.010372305576357604
6,-2.5,False,-3.5,False,76,75,0.0,-0.15416369010523506
6,-2.5,False,-3.5,True,76,87,-53.625,-0.0031273678006990993
6,-1.5,False,-2.5,False,77,76,0.0,-0.11188811188811185
6,-1.5,False,-2.5,True,77,88,-53.625,-0.013986013986013988
6,-0.5,False,-1.5,False,78,77,0.0,-0.058507694163222074
6,-0.5,False,-1.5,True,78,89,-53.625,-0.022202108904038464
6,0.5,False,-0.5,False,79,78,0.0,-9.549181838336778e-17
6,0.5,False,-0.5,True,79,90,-53.625,-0.027773186030035396
6,1.5,False,0.5,False,80,79,0.0,0.058507694163221956
6,1.5,False,0.5,True,80,91,-53.625,-0.030694972907005208
6,2.5,False,1.5,False,81,80,0.0,0.11188811188811176
6,2.5,False,1.5,True,81,92,-53.625,-0.030959361707942095
6,3.5,False,2.5,False,82,81,0.0,0.1541636901052349
6,3.5,False,2.5,True,82,93,-53.625,-0.028548831500969474
6,4.5,False,3.5,False,83,82,0.0,0.17691063833109807
6,4.5,False,3.5,True,83,94,-53.625,-0.023417003925173607
6,5.5,False,4.5,False,84,83,0.0,0.16400055104277728
6,5.5,False,4.5,True,84,95,-53.625,-0.015384615384615403
6,-5.5,True,-6.5,False,85,72,0.0,-0.15689290811054724
6,-4.5,True,-5.5,True,86,85,0.0,-0.17764623667373108
6,-4.5,True,-5.5,False,86,73,53.625,-0.015384615384615372
6,-3.5,True,-4.5,True,87,86,0.0,-0.16664694163355825
6,-3.5,True,-4.5,False,87,74,53.625,-0.02341700392517363
6,-2.5,True,-3.5,True,88,87,0.0,-0.13760418323075635
6,-2.5,True,-3.5,False,88,75,53.625,-0.02854883150096952
6,-1.5,True,-2.5,True,89,88,0.0,-0.0973008510821039
6,-1.5,True,-2.5,False,89,76,53.625,-0.03095936170794216
6,-0.5,True,-1.5,True,90,89,0.0,-0.0502459434417062
6,-0.5,True,-1.5,False,90,77,53.625,-0.030694972907005128
6,0.5,True,-0.5,True,91,90,0.0,-9.549181838336778e-17
6,0.5,True,-0.5,False,91,78,53.625,-0.027773186030035396
6,1.5,True,0.5,True,92,91,0.0,0.05024594344170616
6,1.5,True,0.5,False,92,79,53.625,-0.022202108904038544
6,2.5,True,1.5,True,93,92,0.0,0.09730085108210396
6,2.5,True,1.5,False,93,80,53.625,-0.013986013986013913
6,3.5,True,2.5,True,94,93,0.0,0.1376041832307562
6,3.5,True,2.5,False,94,81,53.625,-0.003127367800699076
6,4.5,True,3.5,True,95,94,0.0,0.16664694163355817
6,4.5,True,3.5,False,95,82,53.625,0.010372305576357611
6,5.5,True,4.5,True,96,95,0.0,0.17764623667373092
6,5.5,True,4.5,False,96,83,53.625,0.02651201344170243
6,6.5,True,5.5,True,97,96,0.0,0.15689290811054718
6,6.5,True,5.5,False,97,84,53.625,0.04529108136578383
7,-6.5,False,-7.5,False,99,98,-61.8,0.04018412065082193
7,-5.5,False,-6.5,False,100,99,0.0,-0.15689290811054712
7,-5.5,False,-6.5,True,100,113,-61.8,0.025898801848423872
7,-4.5,False,-5.5,False,101,100,0.0,-0.1776462366737309
7,-4.5,False,-5.5,True,101,114,-61.8,0.013320906284054027
7,-3.5,False,-4.5,False,102,101,0.0,-0.16664694163355803
7,-3.5,False,-4.5,True,102,115,-61.8,0.0024506903181405726
7,-2.5,False,-3.5,False,103,102,0.0,-0.13760418323075618
7,-2.5,False,-3.5,True,103,116,-61.8,-0.006711491843525532
7,-1.5,False,-2.5,False,104,103,0.0,-0.09730085108210376
7,-1.5,False,-2.5,True,104,117,-61.8,-0.014165136509048437
7,-0.5,False,-1.5,False,105,104,0.0,-0.05024594344170607
7,-0.5,False,-1.5,True,105,118,-61.8,-0.01990950226244348
7,0.5,False,-0.5,False,106,105,0.0,1.935720507799269e-16
7,0.5,False,-0.5,True,106,119,-61.8,-0.023943450778865033
7,1.5,False,0.5,False,107,106,0.0,0.05024594344170637
7,1.5,False,0.5,True,107,120,-61.8,-0.026265139729762032
7,2.5,False,1.5,False,108,107,0.0,0.09730085108210416
7,2.5,False,1.5,True,108,121,-61.8,-0.02687137766599416
7,3.5,False,2.5,False,109,108,0.0,0.13760418323075638
7,3.5,False,2.5,True,109,122,-61.8,-0.025756107639380462
7,4.5,False,3.5,False,110,109,0.0,0.16664694163355825
7,4.5,False,3.5,True,110,123,-61.8,-0.02290623892195429
7,5.5,False,4.5,False,111,110,0.0,0.1776462366737311
7,5.5,False,4.5,True,111,124,-61.8,-0.01828711259876643
7,6.5,False,5.5,False,112,111,0.0,0.1568929081105473
7,6.5,False,5.5,True,112,125,-61.8,-0.011764705882352965
7,-6.5,True,-7.5,False,113,98,0.0,-0.15035521186416317
7,-5.5,True,-6.5,True,114,113,0.0,-0.1760779946717148
7,-5.5,True,-6.5,False,114,99,61.8,-0.011764705882352934
7,-4.5,True,-5.5,True,115,114,0.0,-0.1731717816927027
7,-4.5,True,-5.5,False,115,100,61.8,-0.018287112598766454
7,-3.5,True,-4.5,True,116,115,0.0,-0.15369347405698358
7,-3.5,True,-4.5,False,116,101,61.8,-0.02290623892195428
7,-2.5,True,-3.5,True,117,116,0.0,-0.12338927625531178
7,-2.5,True,-3.5,False,117,102,61.8,-0.025756107639380507
7,-1.5,True,-2.5,True,118,117,0.0,-0.08591726392237886
7,-1.5,True,-2.5,False,118,103,61.8,-0.026871377665994105
7,-0.5,True,-1.5,True,119,118,0.0,-0.04401949866792855
7,-0.5,True,-1.5,False,119,104,61.8,-0.026265139729761987
7,0.5,True,-0.5,True,120,119,0.0,1.935720507799269e-16
7,0.5,True,-0.5,False,120,105,61.8,-0.02394345077886496
7,1.5,True,0.5,True,121,120,0.0,0.044019498667928855
7,1.5,True,0.5,False,121,106,61.8,-0.01990950226244345
7,2.5,True,1.5,True,122,121,0.0,0.08591726392237914
7,2.5,True,1.5,False,122,107,61.8,-0.014165136509048397
7,3.5,True,2.5,True,123,122,0.0,0.12338927625531206
7,3.5,True,2.5,False,123,108,61.8,-0.006711491843525422
7,4.5,True,3.5,True,124,123,0.0,0.15369347405698383
7,4.5,True,3.5,False,124,109,61.8,0.0024506903181406047
7,5.5,True,4.5,True,125,124,0.0,0.17317178169270295
7,5.5,True,4.5,False,125,110,61.8,0.013320906284054069
7,6.5,True,5.5,True,126,125,0.0,0.17607799467171498
7,6.5,True,5.5,False,126,111,61.8,0.025898801848423855
7,7.5,True,6.5,True,127,126,0.0,0.15035521186416337
7,7.5,True,6.5,False,127,112,61.8,0.04018412065082197
8,-7.5,False,-8.5,False,129,128,-70.04,0.036104965293159756
8,-6.5,False,-7.5,False,130,129,0.0,-0.15035521186416334
8,-6.5,False,-7.5,True,130,145,-70.04,0.024870786924899146
8,-5.5,False,-6.5,False,131,130,0.0,-0.1760779946717149
8,-5.5,False,-6.5,True,131,146,-70.04,0.014804676029250202
8,-4.5,False,-5.5,False,132,131,0.0,-0.17317178169270275
8,-4.5,False,-5.5,True,132,147,-70.04,0.005906744281219463
8,-3.5,False,-4.5,False,133,132,0.0,-0.15369347405698355
8,-3.5,False,-4.5,True,133,148,-70.04,-0.0018228608599232113
8,-2.5,False,-3.5,False,134,133,7.105427357601002e-15,-0.1233892762553118
8,-2.5,False,-3.5,True,134,149,-70.03999999999999,-0.00838394056205976
8,-1.5,False,-2.5,False,135,134,0.0,-0.08591726392237892
8,-1.5,False,-2.5,True,135,150,-70.03999999999999,-0.013776220099868152
8,-0.5,False,-1.5,False,136,135,-7.105427357601002e-15,-0.0440194986679286
8,-0.5,False,-1.5,True,136,151,-70.03999999999999,-0.01799930879721194
8,0.5,False,-0.5,False,137,136,0.0,4.515749517849258e-17
8,0.5,False,-0.5,True,137,152,-70.04,-0.02105263157894736
8,1.5,False,0.5,False,138,137,7.105427357601002e-15,0.044019498667928834
8,1.5,False,0.5,True,138,153,-70.03999999999999,-0.022935305482912928
8,2.5,False,1.5,False,139,138,0.0,0.08591726392237917
8,2.5,False,1.5,True,139,154,-70.03999999999999,-0.02364590141876076
8,3.5,False,2.5,False,140,139,-7.105427357601002e-15,0.1233892762553121
8,3.5,False,2.5,True,140,155,-70.03999999999999,-0.023181943661509843
8,4.5,False,3.5,False,141,140,0.0,0.15369347405698386
8,4.5,False,3.5,True,141,156,-70.04,-0.02153873328907254
8,5.5,False,4.5,False,142,141,0.0,0.1731717816927031
8,5.5,False,4.5,True,142,157,-70.04,-0.018706113618777612
8,6.5,False,5.5,False,143,142,0.0,0.17607799467171506
8,6.5,False,5.5,True,143,158,-70.04,-0.014657189496454887
8,7.5,False,6.5,False,144,143,0.0,0.15035521186416337
8,7.5,False,6.5,True,144,159,-70.04,-0.009287925696594411
8,-7.5,True,-8.5,False,145,128,0.0,-0.14441986117263905
8,-6.5,True,-7.5,True,146,145,0.0,-0.1733746130030959
8,-6.5,True,-7.5,False,146,129,70.04,-0.009287925696594456
8,-5.5,True,-6.5,True,147,146,0.0,-0.17622599963786628
8,-5.5,True,-6.5,False,147,130,70.04,-0.014657189496454878
8,-4.5,True,-5.5,True,148,147,0.0,-0.16382361059223458
8,-4.5,True,-5.5,False,148,131,70.04,-0.018706113618777644
8,-3.5,True,-4.5,True,149,148,0.0,-0.14119819505871659
8,-3.5,True,-4.5,False,149,132,70.04,-0.02153873328907257
8,-2.5,True,-3.5,True,150,149,-7.105427357601002e-15,-0.11145510835913304
8,-2.5,True,-3.5,False,150,133,70.03999999999999,-0.023181943661509757
8,-1.5,True,-2.5,True,151,150,0.0,-0.07684008449529937
8,-1.5,True,-2.5,False,151,134,70.03999999999999,-0.0236459014187608
8,-0.5,True,-1.5,True,152,151,7.105427357601002e-15,-0.0391613332528591
8,-0.5,True,-1.5,False,152,135,70.03999999999999,-0.022935305482912866
8,0.5,True,-0.5,True,153,152,0.0,4.515749517849258e-17
8,0.5,True,-0.5,False,153,136,70.04,-0.02105263157894736
8,1.5,True,0.5,True,154,153,-7.105427357601002e-15,0.03916133325285937
8,1.5,True,0.5,False,154,137,70.03999999999999,-0.01799930879721195
8,2.5,True,1.5,True,155,154,0.0,0.07684008449529958
8,2.5,True,1.5,False,155,138,70.03999999999999,-0.013776220099868104
8,3.5,True,2.5,True,156,155,7.105427357601002e-15,0.11145510835913332
8,3.5,True,2.5,False,156,139,70.03999999999999,-0.008383940562059771
8,4.5,True,3.5,True,157,156,0.0,0.14119819505871686
8,4.5,True,3.5,False,157,140,70.04,-0.0018228608599232126
8,5.5,True,4.5,True,158,157,0.0,0.16382361059223485
8,5.5,True,4.5,False,158,141,70.04,0.005906744281219513
8,6.5,True,5.5,True,159,158,0.0,0.17622599963786648
8,6.5,True,5.5,False,159,142,70.04,0.014804676029250207
8,7.5,True,6.5,True,160,159,0.0,0.1733746130030961
8,7.5,True,6.5,False,160,143,70.04,0.024870786924899198
8,8.5,True,7.5,True,161,160,0.0,0.14441986117263905
8,8.5,True,7.5,False,161,144,70.04,0.03610496529315977
9,-8.5,False,-9.5,False,163,162,-78.185,0.03277367626722313
9,-7.5,False,-8.5,False,164,163,0.0,-0.14441986117263905
9,-7.5,False,-8.5,True,164,181,-78.185,0.023706489665205437
9,-6.5,False,-7.5,False,165,164,0.0,-0.173374613003096
9,-6.5,False,-7.5,True,165,182,-78.185,0.015473556554211324
9,-5.5,False,-6.5,False,166,165,0.0,-0.1762259996378664
9,-5.5,False,-6.5,True,166,183,-78.185,0.00807493081977248
9,-4.5,False,-5.5,False,167,166,0.0,-0.16382361059223471
9,-4.5,False,-5.5,True,167,184,-78.185,0.0015106812274745139
9,-3.5,False,-4.5,False,168,167,0.0,-0.14119819505871675
9,-3.5,False,-4.5,True,168,185,-78.185,-0.004219103058013895
9,-2.5,False,-3.5,False,169,168,0.0,-0.11145510835913318
9,-2.5,False,-3.5,True,169,186,-78.185,-0.00911430429961599
9,-1.5,False,-2.5,False,170,169,0.0,-0.0768400844952993
9,-1.5,False,-2.5,True,170,187,-78.185,-0.013174763740379715
9,-0.5,False,-1.5,False,171,170,0.0,-0.03916133325285909
9,-0.5,False,-1.5,True,171,188,-78.185,-0.016400262023652495
9,0.5,False,-0.5,False,172,171,0.0,1.232473939989967e-16
9,0.5,False,-0.5,True,172,189,-78.185,-0.018790487205880668
9,1.5,False,0.5,False,173,172,0.0,0.039161333252859344
9,1.5,False,0.5,True,173,190,-78.185,-0.020344980097302057
9,2.5,False,1.5,False,174,173,0.0,0.07684008449529948
9,2.5,False,1.5,True,174,191,-78.185,-0.021063035647573086
9,3.5,False,2.5,False,175,174,0.0,0.11145510835913314
9,3.5,False,2.5,True,175,192,-78.185,-0.02094351268518808
9,4.5,False,3.5,False,176,175,0.0,0.14119819505871684
9,4.5,False,3.5,True,176,193,-78.185,-0.01998443419095672
9,5.5,False,4.5,False,177,176,0.0,0.16382361059223494
9,5.5,False,4.5,True,177,194,-78.185,-0.018182047581684724
9,6.5,False,5.5,False,178,177,0.0,0.17622599963786653
9,6.5,False,5.5,True,178,195,-78.185,-0.015528241034892629
9,7.5,False,6.5,False,179,178,0.0,0.1733746130030961
9,7.5,False,6.5,True,179,196,-78.185,-0.012001531469222634
9,8.5,False,7.5,False,180,179,0.0,0.14441986117263905
9,8.5,False,7.5,True,180,197,-78.185,-0.007518796992481155
9,-8.5,True,-9.5,False,181,162,0.0,-0.1390469323977965
9,-7.5,True,-8.5,True,182,181,0.0,-0.17013095487195123
9,-7.5,True,-8.5,False,182,163,78.185,-0.007518796992481226
9,-6.5,True,-7.5,True,183,182,0.0,-0.17718429716424697
9,-6.5,True,-7.5,False,183,164,78.185,-0.01200153146922262
9,-5.5,True,-6.5,True,184,183,0.0,-0.1701309548719513
9,-5.5,True,-6.5,False,184,165,78.185,-0.015528241034892634
9,-4.5,True,-5.5,True,185,184,0.0,-0.15347680092626428
9,-4.5,True,-5.5,False,185,166,78.185,-0.018182047581684617
9,-3.5,True,-4.5,True,186,185,0.0,-0.12993966312597216
9,-3.5,True,-4.5,False,186,167,78.185,-0.019984434190956708
9,-2.5,True,-3.5,True,187,186,0.0,-0.10143411701678225
9,-2.5,True,-3.5,False,187,168,78.185,-0.020943512685188154
9,-1.5,True,-2.5,True,188,187,0.0,-0.0694556714814586
9,-1.5,True,-2.5,False,188,169,78.185,-0.021063035647573055
9,-0.5,True,-1.5,True,189,188,0.0,-0.03526628390844677
9,-0.5,True,-1.5,False,189,170,78.185,-0.02034498009730201
9,0.5,True,-0.5,True,190,189,0.0,1.232473939989967e-16
9,0.5,True,-0.5,False,190,171,78.185,-0.018790487205880668
9,1.5,True,0.5,True,191,190,0.0,0.03526628390844702
9,1.5,True,0.5,False,191,172,78.185,-0.016400262023652436
9,2.5,True,1.5,True,192,191,0.0,0.06945567148145881
9,2.5,True,1.5,False,192,173,78.185,-0.01317476374037971
9,3.5,True,2.5,True,193,192,0.0,0.10143411701678237
9,3.5,True,2.5,False,193,174,78.185,-0.009114304299615872
9,4.5,True,3.5,True,194,193,0.0,0.12993966312597216
9,4.5,True,3.5,False,194,175,78.185,-0.004219103058013942
9,5.5,True,4.5,True,195,194,0.0,0.15347680092626437
9,5.5,True,4.5,False,195,176,78.185,0.001510681227474437
9,6.5,True,5.5,True,196,195,0.0,0.17013095487195148
9,6.5,True,5.5,False,196,177,78.185,0.008074930819772516
9,7.5,True,6.5,True,197,196,0.0,0.17718429716424716
9,7.5,True,6.5,False,197,178,78.185,0.015473556554211341
9,8.5,True,7.5,True,198,197,0.0,0.1701309548719514
9,8.5,True,7.5,False,198,179,78.185,0.02370648966520551
9,9.5,True,8.5,True,199,198,0.0,0.13904693239779647
9,9.5,True,8.5,False,199,180,78.185,0.03277367626722311
10,-9.5,False,-10.5,False,201,200,-86.31,0.03000285040618934
10,-8.5,False,-9.5,False,202,201,0.0,-0.13904693239779667
10,-8.5,False,-9.5,True,202,221,-86.31,0.0225303183263979
10,-7.5,False,-8.5,False,203,202,0.0,-0.17013095487195148
10,-7.5,False,-8.5,True,203,222,-86.31,0.015674366910411092
10,-6.5,False,-7.5,False,204,203,-7.105427357601002e-15,-0.17718429716424725
10,-6.5,False,-7.5,True,204,223,-86.31,0.009435024314914634
10,-5.5,False,-6.5,False,205,204,7.105427357601002e-15,-0.1701309548719516
10,-5.5,False,-6.5,True,205,224,-86.31,0.003812325527849144
10,-4.5,False,-5.5,False,206,205,0.0,-0.1534768009262646
10,-4.5,False,-5.5,True,206,225,-86.31,-0.0011936854255316012
10,-3.5,False,-4.5,False,207,206,0.0,-0.12993966312597244
10,-3.5,False,-4.5,True,207,226,-86.31,-0.0055829523624057395
10,-2.5,False,-3.5,False,208,207,0.0,-0.1014341170167826
10,-2.5,False,-3.5,True,208,227,-86.31,-0.009355402432987306
10,-1.5,False,-2.5,False,209,208,0.0,-0.06945567148145917
10,-1.5,False,-2.5,True,209,228,-86.31,-0.012510939442329925
10,-0.5,False,-1.5,False,210,209,0.0,-0.03526628390844724
10,-0.5,False,-1.5,True,210,229,-86.31,-0.015049433679722298
10,0.5,False,-0.5,False,211,210,0.0,-3.70677899738848e-16
10,0.5,False,-0.5,True,211,230,-86.31,-0.016970705920127335
10,1.5,False,0.5,False,212,211,0.0,0.03526628390844636
10,1.5,False,0.5,True,212,231,-86.31,-0.018274501287183647
10,2.5,False,1.5,False,213,212,0.0,0.06945567148145833
10,2.5,False,1.5,True,213,232,-86.31,-0.01896044458973524
10,3.5,False,2.5,False,214,213,0.0,0.10143411701678194
10,3.5,False,2.5,True,214,233,-86.31,-0.019027959739594928
10,4.5,False,3.5,False,215,214,0.0,0.12993966312597174
10,4.5,False,3.5,True,215,234,-86.31,-0.018476114276273915
10,5.5,False,4.5,False,216,215,0.0,0.15347680092626392
10,5.5,False,4.5,True,216,235,-86.31,-0.017303292709437118
10,6.5,False,5.5,False,217,216,-7.105427357601002e-15,0.17013095487195096
10,6.5,False,5.5,True,217,236,-86.31,-0.015506428539563742
10,7.5,False,6.5,False,218,217,7.105427357601002e-15,0.17718429716424666
10,7.5,False,6.5,True,218,237,-86.31,-0.013078892600673004
10,8.5,False,7.5,False,219,218,0.0,0.17013095487195107
10,8.5,False,7.5,True,219,238,-86.31,-0.010003126599231816
10,9.5,False,8.5,False,220,219,0.0,0.13904693239779628
10,9.5,False,8.5,True,220,239,-86.31,-0.006211180124223588
10,-9.5,True,-10.5,False,221,200,0.0,-0.13417682605399317
10,-8.5,True,-9.5,True,222,221,0.0,-0.16666345173911493
10,-8.5,True,-9.5,False,222,201,86.31,-0.006211180124223616
10,-7.5,True,-8.5,True,223,222,0.0,-0.17684601659679214
10,-7.5,True,-8.5,False,223,202,86.31,-0.010003126599231851
10,-6.5,True,-7.5,True,224,223,7.105427357601002e-15,-0.17391304347826123
10,-6.5,True,-7.5,False,224,203,86.31,-0.013078892600672938
10,-5.5,True,-6.5,True,225,224,-7.105427357601002e-15,-0.1619677616199419
10,-5.5,True,-6.5,False,225,204,86.31,-0.015506428539563846
10,-4.5,True,-5.5,True,226,225,0.0,-0.14344106066823029
10,-4.5,True,-5.5,False,226,205,86.31,-0.01730329270943712
10,-3.5,True,-4.5,True,227,226,0.0,-0.12001140162475761
10,-3.5,True,-4.5,False,227,206,86.31,-0.018476114276273933
10,-2.5,True,-3.5,True,228,227,0.0,-0.0929604319695393
10,-2.5,True,-3.5,False,228,207,86.31,-0.01902795973959499
10,-1.5,True,-2.5,True,229,228,0.0,-0.063341857311712
10,-1.5,True,-2.5,False,229,208,86.31,-0.018960444589735188
10,-0.5,True,-1.5,True,230,229,0.0,-0.03207439624188376
10,-0.5,True,-1.5,False,230,209,86.31,-0.018274501287183654
10,0.5,True,-0.5,True,231,230,0.0,-3.70677899738848e-16
10,0.5,True,-0.5,False,231,210,86.31,-0.016970705920127366
10,1.5,True,0.5,True,232,231,0.0,0.03207439624188292
10,1.5,True,0.5,False,232,211,86.31,-0.015049433679722302
10,2.5,True,1.5,True,233,232,0.0,0.06334185731171128
10,2.5,True,1.5,False,233,212,86.31,-0.012510939442330013
10,3.5,True,2.5,True,234,233,0.0,0.09296043196953857
10,3.5,True,2.5,False,234,213,86.31,-0.009355402432987416
10,4.5,True,3.5,True,235,234,0.0,0.12001140162475679
10,4.5,True,3.5,False,235,214,86.31,-0.005582952362405803
10,5.5,True,4.5,True,236,235,0.0,0.1434410606682296
10,5.5,True,4.5,False,236,215,86.31,-0.0011936854255316677
10,6.5,True,5.5,True,237,236,7.105427357601002e-15,0.16196776161994125
10,6.5,True,5.5,False,237,216,86.31,0.003812325527849158
10,7.5,True,6.5,True,238,237,-7.105427357601002e-15,0.17391304347826048
10,7.5,True,6.5,False,238,217,86.31,0.009435024314914506
10,8.5,True,7.5,True,239,238,0.0,0.17684601659679167
10,8.5,True,7.5,False,239,218,86.31,0.01567436691041103
10,9.5,True,8.5,True,240,239,0.0,0.1666634517391146
10,9.5,True,8.5,False,240,219,86.31,0.02253031832639785
10,10.5,True,9.5,True,241,240,0.0,0.13417682605399278
10,10.5,True,9.5,False,241,220,86.31,0.030002850406189285
11,-10.5,False,-11.5,False,243,242,-94.415,0.02766256299232496
11,-9.5,False,-10.5,False,244,243,0.0,-0.13417682605399284
11,-9.5,False,-10.5,True,244,265,-94.415,0.02139773338390899
11,-8.5,False,-9.5,False,245,244,0.0,-0.16666345173911454
11,-8.5,False,-9.5,True,245,266,-94.415,0.015601482211218447
11,-7.5,False,-8.5,False,246,245,0.0,-0.17684601659679175
11,-7.5,False,-8.5,True,246,267,-94.415,0.010273825156837455
11,-6.5,False,-7.5,False,247,246,0.0,-0.1739130434782608
11,-6.5,False,-7.5,True,247,268,-94.415,0.005414781296323783
11,-5.5,False,-6.5,False,248,247,0.0,-0.1619677616199414
11,-5.5,False,-6.5,True,248,269,-94.415,0.0010243740684764185
11,-4.5,False,-5.5,False,249,248,0.0,-0.14344106066822973
11,-4.5,False,-5.5,True,249,270,-94.415,-0.0028973674011653875
11,-3.5,False,-4.5,False,250,249,0.0,-0.12001140162475696
11,-3.5,False,-4.5,True,250,271,-94.415,-0.006350406463828015
11,-2.5,False,-3.5,False,251,250,0.0,-0.09296043196953867
11,-2.5,False,-3.5,True,251,272,-94.415,-0.009334696349942474
11,-1.5,False,-2.5,False,252,251,0.0,-0.06334185731171142
11,-1.5,False,-2.5,True,252,273,-94.415,-0.011850176415117302
11,-0.5,False,-1.5,False,253,252,0.0,-0.03207439624188315
11,-0.5,False,-1.5,True,253,274,-94.415,-0.013896766580557338
11,0.5,False,-0.5,False,254,253,0.0,1.961604647931182e-16
11,0.5,False,-0.5,True,254,275,-94.415,-0.015474358865973266
11,1.5,False,0.5,False,255,254,0.0,0.03207439624188362
11,1.5,False,0.5,True,255,276,-94.415,-0.016582804070524475
11,2.5,False,1.5,False,256,255,0.0,0.06334185731171181
11,2.5,False,1.5,True,256,277,-94.415,-0.017221890013041852
11,3.5,False,2.5,False,257,256,0.0,0.09296043196953906
11,3.5,False,2.5,True,257,278,-94.415,-0.017391304347826084
11,4.5,False,3.5,False,258,257,0.0,0.12001140162475747
11,4.5,False,3.5,True,258,279,-94.415,-0.017090567475199814
11,5.5,False,4.5,False,259,258,0.0,0.14344106066823012
11,5.5,False,4.5,True,259,280,-94.415,-0.01631890309590897
11,6.5,False,5.5,False,260,259,0.0,0.16196776161994175
11,6.5,False,5.5,True,260,281,-94.415,-0.015074966233685198
11,7.5,False,6.5,False,261,260,0.0,0.1739130434782611
11,7.5,False,6.5,True,261,282,-94.415,-0.013356203782077651
11,8.5,False,7.5,False,262,261,0.0,0.17684601659679192
11,8.5,False,7.5,True,262,283,-94.415,-0.011157096136900618
11,9.5,False,8.5,False,263,262,0.0,0.16666345173911476
11,9.5,False,8.5,True,263,284,-94.415,-0.008463022579425541
11,10.5,False,9.5,False,264,263,0.0,0.134176826053993
11,10.5,False,9.5,True,264,285,-94.415,-0.005217391304347844
11,-10.5,True,-11.5,False,265,242,0.0,-0.12974892141630937
11,-9.5,True,-10.5,True,266,265,0.0,-0.1631448959938583
11,-9.5,True,-10.5,False,266,243,94.415,-0.005217391304347846
11,-8.5,True,-9.5,True,267,266,0.0,-0.17569521642242839
11,-8.5,True,-9.5,False,267,244,94.415,-0.008463022579425562
11,-7.5,True,-8.5,True,268,267,0.0,-0.17598762630502277
11,-7.5,True,-8.5,False,268,245,94.415,-0.011157096136900566
11,-6.5,True,-7.5,True,269,268,0.0,-0.1678058108950113
11,-6.5,True,-7.5,False,269,246,94.415,-0.013356203782077608
11,-5.5,True,-6.5,True,270,269,0.0,-0.15335935780903362
11,-5.5,True,-6.5,False,270,247,94.415,-0.01507496623368523
11,-4.5,True,-5.5,True,271,270,0.0,-0.13414998800470854
11,-4.5,True,-5.5,False,271,248,94.415,-0.016318903095909002
11,-3.5,True,-4.5,True,272,271,0.0,-0.11130434782608666
11,-3.5,True,-4.5,False,272,249,94.415,-0.017090567475199835
11,-2.5,True,-3.5,True,273,272,0.0,-0.08573048726167795
11,-2.5,True,-3.5,False,273,250,94.415,-0.01739130434782605
11,-1.5,True,-2.5,True,274,273,0.0,-0.058202436628457276
11,-1.5,True,-2.5,False,274,251,94.415,-0.017221890013041852
11,-0.5,True,-1.5,True,275,274,0.0,-0.02941136439180462
11,-0.5,True,-1.5,False,275,252,94.415,-0.016582804070524464
11,0.5,True,-0.5,True,276,275,0.0,1.961604647931182e-16
11,0.5,True,-0.5,False,276,253,94.415,-0.015474358865973266
11,1.5,True,0.5,True,277,276,0.0,0.029411364391805035
11,1.5,True,0.5,False,277,254,94.415,-0.013896766580557234
11,2.5,True,1.5,True,278,277,0.0,0.05820243662845763
11,2.5,True,1.5,False,278,255,94.415,-0.011850176415117309
11,3.5,True,2.5,True,279,278,0.0,0.08573048726167835
11,3.5,True,2.5,False,279,256,94.415,-0.009334696349942495
11,4.5,True,3.5,True,280,279,0.0,0.11130434782608714
11,4.5,True,3.5,False,280,257,94.415,-0.006350406463827943
11,5.5,True,4.5,True,281,280,0.0,0.1341499880047089
11,5.5,True,4.5,False,281,258,94.415,-0.002897367401165365
11,6.5,True,5.5,True,282,281,0.0,0.15335935780903379
11,6.5,True,5.5,False,282,259,94.415,0.001024374068476479
11,7.5,True,6.5,True,283,282,0.0,0.1678058108950115
11,7.5,True,6.5,False,283,260,94.415,0.005414781296323775
11,8.5,True,7.5,True,284,283,0.0,0.175987626305023
11,8.5,True,7.5,False,284,261,94.415,0.01027382515683746
11,9.5,True,8.5,True,285,284,0.0,0.17569521642242858
11,9.5,True,8.5,False,285,262,94.415,0.015601482211218482
11,10.5,True,9.5,True,286,285,0.0,0.1631448959938584
11,10.5,True,9.5,False,286,263,94.415,0.021397733383908997
11,11.5,True,10.5,True,287,286,0.0,0.1297489214163095
11,11.5,True,10.5,False,287,264,94.415,0.027662562992324974
12,-11.5,False,-12.5,False,289,288,-102.5,0.025660011963983376
12,-10.5,False,-11.5,False,290,289,0.0,-0.12974892141630948
12,-10.5,False,-11.5,True,290,313,-102.5,0.02033183296559659
12,-9.5,False,-10.5,False,291,290,7.105427357601002e-15,-0.16314489599385845
12,-9.5,False,-10.5,True,291,314,-102.5,0.015368090551291638
12,-8.5,False,-9.5,False,292,291,0.0,-0.17569521642242847
12,-8.5,False,-9.5,True,292,315,-102.49999999999999,0.010768793925235255
12,-7.5,False,-8.5,False,293,292,0.0,-0.1759876263050228
12,-7.5,False,-8.5,True,293,316,-102.49999999999999,0.00653395408845899
12,-6.5,False,-7.5,False,294,293,-7.105427357601002e-15,-0.1678058108950112
12,-6.5,False,-7.5,True,294,317,-102.5,0.0026635842999208096
12,-5.5,False,-6.5,False,295,294,0.0,-0.15335935780903368
12,-5.5,False,-6.5,True,295,318,-102.5,-0.0008422993127614379
12,-4.5,False,-5.5,False,296,295,0.0,-0.13414998800470873
12,-4.5,False,-5.5,True,296,319,-102.5,-0.003983676932964021
12,-3.5,False,-4.5,False,297,296,0.0,-0.1113043478260868
12,-3.5,False,-4.5,True,297,320,-102.5,-0.006760523936052411
12,-2.5,False,-3.5,False,298,297,0.0,-0.08573048726167808
12,-2.5,False,-3.5,True,298,321,-102.5,-0.009172809336640548
12,-1.5,False,-2.5,False,299,298,0.0,-0.05820243662845727
12,-1.5,False,-2.5,True,299,322,-102.5,-0.011220493592355132
12,-0.5,False,-1.5,False,300,299,7.105427357601002e-15,-0.029411364391804643
12,-0.5,False,-1.5,True,300,323,-102.5,-0.012903525429794411
12,0.5,False,-0.5,False,301,300,0.0,1.8228267698530375e-16
12,0.5,False,-0.5,True,301,324,-102.49999999999999,-0.014221837143845206
12,1.5,False,0.5,False,302,301,-7.105427357601002e-15,0.029411364391805053
12,1.5,False,0.5,True,302,325,-102.5,-0.01517533743861151
12,2.5,False,1.5,False,303,302,0.0,0.05820243662845752
12,2.5,False,1.5,True,303,326,-102.5,-0.015763900165807074
12,3.5,False,2.5,False,304,303,0.0,0.0857304872616782
12,3.5,False,2.5,True,304,327,-102.5,-0.015987345926085438
12,4.5,False,3.5,False,305,304,0.0,0.111304347826087
12,4.5,False,3.5,True,305,328,-102.5,-0.015845410628019405
12,5.5,False,4.5,False,306,305,0.0,0.13414998800470893
12,5.5,False,4.5,True,306,329,-102.5,-0.015337688759794691
12,6.5,False,5.5,False,307,306,0.0,0.15335935780903379
12,6.5,False,5.5,True,307,330,-102.5,-0.014463523932549833
12,7.5,False,6.5,False,308,307,7.105427357601002e-15,0.16780581089501156
12,7.5,False,6.5,True,308,331,-102.5,-0.013221778895265279
12,8.5,False,7.5,False,309,308,0.0,0.17598762630502307
12,8.5,False,7.5,True,309,332,-102.49999999999999,-0.011610294790956408
12,9.5,False,8.5,False,310,309,0.0,0.17569521642242877
12,9.5,False,8.5,True,310,333,-102.49999999999999,-0.009624404142336474
12,10.5,False,9.5,False,311,310,-7.105427357601002e-15,0.16314489599385845
12,10.5,False,9.5,True,311,334,-102.5,-0.007251742511560457
12,11.5,False,10.5,False,312,311,0.0,0.1297489214163095
12,11.5,False,10.5,True,312,335,-102.5,-0.004444444444444465
12,-11.5,True,-12.5,False,313,288,7.105427357601002e-15,-0.1257078722109418
12,-10.5,True,-11.5,True,314,313,0.0,-0.15967044249253312
12,-10.5,True,-11.5,False,314,289,102.5,-0.0044444444444444444
12,-9.5,True,-10.5,True,315,314,-7.105427357601002e-15,-0.17403466851067742
12,-9.5,True,-10.5,False,315,290,102.5,-0.0072517425115605294
12,-8.5,True,-9.5,True,316,315,0.0,-0.17688665548562127
12,-8.5,True,-9.5,False,316,291,102.49999999999999,-0.009624404142336467
12,-7.5,True,-8.5,True,317,316,0.0,-0.1717496503252081
12,-7.5,True,-8.5,False,317,292,102.49999999999999,-0.011610294790956396
12,-6.5,True,-7.5,True,318,317,7.105427357601002e-15,-0.16065708695378897
12,-6.5,True,-7.5,False,318,293,102.5,-0.013221778895265253
12,-5.5,True,-6.5,True,319,318,0.0,-0.14497339049155622
12,-5.5,True,-6.5,False,319,294,102.5,-0.014463523932549783
12,-4.5,True,-5.5,True,320,319,0.0,-0.12570787221094165
12,-4.5,True,-5.5,False,320,295,102.5,-0.015337688759794806
12,-3.5,True,-4.5,True,321,320,0.0,-0.10366136701947193
12,-3.5,True,-4.5,False,321,296,102.5,-0.015845410628019245
12,-2.5,True,-3.5,True,322,321,0.0,-0.0795046391999924
12,-2.5,True,-3.5,False,322,297,102.5,-0.015987345926085507
12,-1.5,True,-2.5,True,323,322,0.0,-0.0538248951839552
12,-1.5,True,-2.5,False,323,298,102.5,-0.015763900165807223
12,-0.5,True,-1.5,True,324,323,-7.105427357601002e-15,-0.02715600411825665
12,-0.5,True,-1.5,False,324,299,102.5,-0.015175337438611436
12,0.5,True,-0.5,True,325,324,0.0,1.8228267698530375e-16
12,0.5,True,-0.5,False,325,300,102.49999999999999,-0.014221837143845183
12,1.5,True,0.5,True,326,325,7.105427357601002e-15,0.02715600411825706
12,1.5,True,0.5,False,326,301,102.5,-0.012903525429794482
12,2.5,True,1.5,True,327,326,0.0,0.05382489518395556
12,2.5,True,1.5,False,327,302,102.5,-0.011220493592354983
12,3.5,True,2.5,True,328,327,0.0,0.07950463919999254
12,3.5,True,2.5,False,328,303,102.5,-0.009172809336640485
12,4.5,True,3.5,True,329,328,0.0,0.10366136701947207
12,4.5,True,3.5,False,329,304,102.5,-0.006760523936052574
12,5.5,True,4.5,True,330,329,0.0,0.12570787221094193
12,5.5,True,4.5,False,330,305,102.5,-0.003983676932963885
12,6.5,True,5.5,True,331,330,0.0,0.14497339049155647
12,6.5,True,5.5,False,331,306,102.5,-0.0008422993127614868
12,7.5,True,6.5,True,332,331,-7.105427357601002e-15,0.1606570869537893
12,7.5,True,6.5,False,332,307,102.5,0.0026635842999207997
12,8.5,True,7.5,True,333,332,0.0,0.17174965032520834
12,8.5,True,7.5,False,333,308,102.49999999999999,0.006533954088458981
12,9.5,True,8.5,True,334,333,0.0,0.17688665548562155
12,9.5,True,8.5,False,334,309,102.49999999999999,0.010768793925235255
12,10.5,True,9.5,True,335,334,7.105427357601002e-15,0.17403466851067773
12,10.5,True,9.5,False,335,310,102.5,0.015368090551291696
12,11.5,True,10.5,True,336,335,0.0,0.1596704424925332
12,11.5,True,10.5,False,336,311,102.5,0.020331832965596583
12,12.5,True,11.5,True,337,336,-7.105427357601002e-15,0.12570787221094185
12,12.5,True,11.5,False,337,312,102.5,0.02566001196398338
13,-12.5,False,-13.5,False,339,338,-110.565,0.023927195396162452
13,-11.5,False,-12.5,False,340,339,0.0,-0.12570787221094185
13,-11.5,False,-12.5,True,340,365,-110.565,0.01934012178409805
13,-10.5,False,-11.5,False,341,340,0.0,-0.15967044249253323
13,-10.5,False,-11.5,True,341,366,-110.565,0.01504207597888682
13,-9.5,False,-10.5,False,342,341,0.0,-0.17403466851067764
13,-9.5,False,-10.5,True,342,367,-110.565,0.011033063623799275
13,-8.5,False,-9.5,False,343,342,0.0,-0.17688665548562155
13,-8.5,False,-9.5,True,343,368,-110.565,0.007313091365787045
13,-7.5,False,-8.5,False,344,343,0.0,-0.17174965032520836
13,-7.5,False,-8.5,True,344,369,-110.565,0.0038821670890346357
13,-6.5,False,-7.5,False,345,344,0.0,-0.1606570869537893
13,-6.5,False,-7.5,True,345,370,-110.565,0.0007403002169189539
13,-5.5,False,-6.5,False,346,345,0.0,-0.14497339049155644
13,-5.5,False,-6.5,True,346,371,-110.565,-0.0021124978930406072
13,-4.5,False,-5.5,False,347,346,0.0,-0.12570787221094187
13,-4.5,False,-5.5,True,347,372,-110.565,-0.004676213426020656
13,-3.5,False,-4.5,False,348,347,0.0,-0.10366136701947216
13,-3.5,False,-4.5,True,348,373,-110.565,-0.0069508294071714575
13,-2.5,False,-3.5,False,349,348,0.0,-0.07950463919999265
13,-2.5,False,-3.5,True,349,374,-110.565,-0.008936324743058001
13,-1.5,False,-2.5,False,350,349,0.0,-0.05382489518395556
13,-1.5,False,-2.5,True,350,375,-110.565,-0.01063267289154337
13,-0.5,False,-1.5,False,351,350,0.0,-0.027156004118256957
13,-0.5,False,-1.5,True,351,376,-110.565,-0.012039839980437903
13,0.5,False,-0.5,False,352,351,0.0,-7.29130707941215e-17
13,0.5,False,-0.5,True,352,377,-110.565,-0.013157782088509547
13,1.5,False,0.5,False,353,352,0.0,0.027156004118256742
13,1.5,False,0.5,True,353,378,-110.565,-0.013986441218705719
13,2.5,False,1.5,False,354,353,0.0,0.053824895183955244
13,2.5,False,1.5,True,354,379,-110.565,-0.014525739165377121
13,3.5,False,2.5,False,355,354,0.0,0.07950463919999232
13,3.5,False,2.5,True,355,380,-110.565,-0.014775567867010522
13,4.5,False,3.5,False,356,355,0.0,0.10366136701947182
13,4.5,False,3.5,True,356,381,-110.565,-0.014735773644826205
13,5.5,False,4.5,False,357,356,0.0,0.12570787221094165
13,5.5,False,4.5,True,357,382,-110.565,-0.01440613026819926
13,6.5,False,5.5,False,358,357,0.0,0.14497339049155633
13,6.5,False,5.5,True,358,383,-110.565,-0.013786290356505125
13,7.5,False,6.5,False,359,358,0.0,0.160657086953789
13,7.5,False,6.5,True,359,384,-110.565,-0.01287569160779416
13,8.5,False,7.5,False,360,359,0.0,0.171749650325208
13,8.5,False,7.5,True,360,385,-110.565,-0.011673359766346775
13,9.5,False,8.5,False,361,360,0.0,0.17688665548562105
13,9.5,False,8.5,True,361,386,-110.565,-0.010177445343070588
13,10.5,False,9.5,False,362,361,0.0,0.17403466851067745
13,10.5,False,9.5,True,362,387,-110.565,-0.00838394956661423
13,11.5,False,10.5,False,363,362,0.0,0.1596704424925331
13,11.5,False,10.5,True,363,388,-110.565,-0.006282278791182129
13,12.5,False,11.5,False,364,363,0.0,0.12570787221094176
13,12.5,False,11.5,True,364,389,-110.565,-0.003831417624521101
13,-12.5,True,-13.5,False,365,338,0.0,-0.12200523623057982
13,-11.5,True,-12.5,True,366,365,0.0,-0.15629178585725026
13,-11.5,True,-12.5,False,366,339,110.565,-0.0038314176245210873
13,-10.5,True,-11.5,True,367,366,0.0,-0.1720586664790229
13,-10.5,True,-11.5,False,367,340,110.565,-0.006282278791182128
13,-9.5,True,-10.5,True,368,367,0.0,-0.17696559975160964
13,-9.5,True,-10.5,False,368,341,110.565,-0.008383949566614165
13,-8.5,True,-9.5,True,369,368,0.0,-0.17431897572532323
13,-8.5,True,-9.5,False,369,342,110.565,-0.01017744534307069
13,-7.5,True,-8.5,True,370,369,0.0,-0.166008447604311
13,-7.5,True,-8.5,False,370,343,110.565,-0.01167335976634675
13,-6.5,True,-7.5,True,371,370,0.0,-0.1532886301358567
13,-6.5,True,-7.5,False,371,344,110.565,-0.012875691607794244
13,-5.5,True,-6.5,True,372,371,0.0,-0.13707696413791826
13,-5.5,True,-6.5,False,372,345,110.565,-0.013786290356505132
13,-4.5,True,-5.5,True,373,372,0.0,-0.1180922222790993
13,-4.5,True,-5.5,False,373,346,110.565,-0.014406130268199282
13,-3.5,True,-4.5,True,374,373,0.0,-0.09692805088638731
13,-3.5,True,-4.5,False,374,347,110.565,-0.014735773644826148
13,-2.5,True,-3.5,True,375,374,0.0,-0.07409609044373086
13,-2.5,True,-3.5,False,375,348,110.565,-0.014775567867010586
13,-1.5,True,-2.5,True,376,375,0.0,-0.050053430248443144
13,-1.5,True,-2.5,False,376,349,110.565,-0.014525739165377178
13,-0.5,True,-1.5,True,377,376,0.0,-0.02522147849058951
13,-0.5,True,-1.5,False,377,350,110.565,-0.013986441218705679
13,0.5,True,-0.5,True,378,377,0.0,-7.29130707941215e-17
13,0.5,True,-0.5,False,378,351,110.565,-0.013157782088509547
13,1.5,True,0.5,True,379,378,0.0,0.025221478490589307
13,1.5,True,0.5,False,379,352,110.565,-0.012039839980437866
13,2.5,True,1.5,True,380,379,0.0,0.050053430248442804
13,2.5,True,1.5,False,380,353,110.565,-0.01063267289154342
13,3.5,True,2.5,True,381,380,0.0,0.0740960904437305
13,3.5,True,2.5,False,381,354,110.565,-0.00893632474305797
13,4.5,True,3.5,True,382,381,0.0,0.09692805088638697
13,4.5,True,3.5,False,382,355,110.565,-0.006950829407171559
13,5.5,True,4.5,True,383,382,0.0,0.11809222227909902
13,5.5,True,4.5,False,383,356,110.565,-0.004676213426020675
13,6.5,True,5.5,True,384,383,0.0,0.1370769641379181
13,6.5,True,5.5,False,384,357,110.565,-0.002112497893040621
13,7.5,True,6.5,True,385,384,0.0,0.15328863013585653
13,7.5,True,6.5,False,385,358,110.565,0.000740300216919035
13,8.5,True,7.5,True,386,385,0.0,0.16600844760431074
13,8.5,True,7.5,False,386,359,110.565,0.0038821670890346513
13,9.5,True,8.5,True,387,386,0.0,0.17431897572532282
13,9.5,True,8.5,False,387,360,110.565,0.007313091365787111
13,10.5,True,9.5,True,388,387,0.0,0.1769655997516092
13,10.5,True,9.5,False,388,361,110.565,0.011033063623799147
13,11.5,True,10.5,True,389,388,0.0,0.17205866647902268
13,11.5,True,10.5,False,389,362,110.565,0.015042075978886784
13,12.5,True,11.5,True,390,389,0.0,0.1562917858572501
13,12.5,True,11.5,False,390,363,110.565,0.019340121784098028
13,13.5,True,12.5,True,391,390,0.0,0.12200523623057974
13,13.5,True,12.5,False,391,364,110.565,0.023927195396162445
14,-13.5,False,-14.5,False,393,392,-118.60999999999999,0.0224131720574081
14,-12.5,False,-13.5,False,394,393,-7.105427357601002e-15,-0.12200523623057982
14,-12.5,False,-13.5,True,394,421,-118.60999999999999,0.01842257274297129
14,-11.5,False,-12.5,False,395,394,7.105427357601002e-15,-0.15629178585725015
14,-11.5,False,-12.5,True,395,422,-118.60999999999999,0.014665055242809222
14,-10.5,False,-11.5,False,396,395,-7.105427357601002e-15,-0.17205866647902268
14,-10.5,False,-11.5,True,396,423,-118.60999999999999,0.011140623147521907
14,-9.5,False,-10.5,False,397,396,0.0,-0.17696559975160944
14,-9.5,False,-10.5,True,397,424,-118.61,0.007849280634143963
14,-8.5,False,-9.5,False,398,397,0.0,-0.174318975725323
14,-8.5,False,-9.5,True,398,425,-118.61,0.004791032590979826
14,-7.5,False,-8.5,False,399,398,0.0,-0.16600844760431074
14,-7.5,False,-8.5,True,399,426,-118.61,0.0019658847757492077
14,-6.5,False,-7.5,False,400,399,7.105427357601002e-15,-0.1532886301358567
14,-6.5,False,-7.5,True,400,427,-118.60999999999999,-0.0006261559821023272
14,-5.5,False,-6.5,False,401,400,0.0,-0.13707696413791828
14,-5.5,False,-6.5,True,401,428,-118.60999999999999,-0.002985081519834696
14,-4.5,False,-5.5,False,402,401,0.0,-0.11809222227909934
14,-4.5,False,-5.5,True,402,429,-118.60999999999999,-0.005110881999291859
14,-3.5,False,-4.5,False,403,402,0.0,-0.09692805088638719
14,-3.5,False,-4.5,True,403,430,-118.60999999999999,-0.007003545453717619
14,-2.5,False,-3.5,False,404,403,0.0,-0.07409609044373076
14,-2.5,False,-3.5,True,404,431,-118.60999999999999,-0.008663057179026063
14,-1.5,False,-2.5,False,405,404,0.0,-0.050053430248443005
14,-1.5,False,-2.5,True,405,432,-118.60999999999999,-0.010089398903452491
14,-0.5,False,-1.5,False,406,405,0.0,-0.025221478490589463
14,-0.5,False,-1.5,True,406,433,-118.60999999999999,-0.011282547635338919
14,0.5,False,-0.5,False,407,406,0.0,-7.29130707941215e-17
14,0.5,False,-0.5,True,407,434,-118.60999999999999,-0.012242474033404546
14,1.5,False,0.5,False,408,407,0.0,0.02522147849058933
14,1.5,False,0.5,True,408,435,-118.60999999999999,-0.012969140051398348
14,2.5,False,1.5,False,409,408,0.0,0.050053430248442915
14,2.5,False,1.5,True,409,436,-118.60999999999999,-0.013462495449846689
14,3.5,False,2.5,False,410,409,0.0,0.07409609044373058
14,3.5,False,2.5,True,410,437,-118.60999999999999,-0.013722472483420844
14,4.5,False,3.5,False,411,410,0.0,0.09692805088638692
14,4.5,False,3.5,True,411,438,-118.60999999999999,-0.013748977543744198
14,5.5,False,4.5,False,412,411,0.0,0.11809222227909903
14,5.5,False,4.5,True,412,439,-118.60999999999999,-0.013541877505560485
14,6.5,False,5.5,False,413,412,0.0,0.13707696413791795
14,6.5,False,5.5,True,413,440,-118.60999999999999,-0.013100976393523634
14,7.5,False,6.5,False,414,413,-7.105427357601002e-15,0.15328863013585659
14,7.5,False,6.5,True,414,441,-118.60999999999999,-0.012425973281480039
14,8.5,False,7.5,False,415,414,0.0,0.16600844760431066
14,8.5,False,7.5,True,415,442,-118.61,-0.01151638105682463
14,9.5,False,8.5,False,416,415,0.0,0.17431897572532282
14,9.5,False,8.5,True,416,443,-118.61,-0.010371355724610981
14,10.5,False,9.5,False,417,416,0.0,0.17696559975160944
14,10.5,False,9.5,True,417,444,-118.61,-0.00898929504188272
14,11.5,False,10.5,False,418,417,7.105427357601002e-15,0.17205866647902268
14,11.5,False,10.5,True,418,445,-118.60999999999999,-0.007366734693823234
14,12.5,False,11.5,False,419,418,-7.105427357601002e-15,0.15629178585725
14,12.5,False,11.5,True,419,446,-118.60999999999999,-0.005494496443900757
14,13.5,False,12.5,False,420,419,7.105427357601002e-15,0.12200523623057975
14,13.5,False,12.5,True,420,447,-118.60999999999999,-0.0033370411568409467
14,-13.5,True,-14.5,False,421,392,-7.105427357601002e-15,-0.11859935871200754
14,-12.5,True,-13.5,True,422,421,7.105427357601002e-15,-0.1530356709403323
14,-12.5,True,-13.5,False,422,393,118.60999999999999,-0.00333704115684095
14,-11.5,True,-12.5,True,423,422,-7.105427357601002e-15,-0.16989439903925949
14,-11.5,True,-12.5,False,423,394,118.60999999999999,-0.005494496443900785
14,-10.5,True,-11.5,True,424,423,7.105427357601002e-15,-0.17646747065674692
14,-10.5,True,-11.5,False,424,395,118.60999999999999,-0.007366734693823289
14,-9.5,True,-10.5,True,425,424,0.0,-0.17587751168900884
14,-9.5,True,-10.5,False,425,396,118.61,-0.008989295041882669
14,-8.5,True,-9.5,True,426,425,0.0,-0.1698943990392595
14,-8.5,True,-9.5,False,426,397,118.61,-0.010371355724610978
14,-7.5,True,-8.5,True,427,426,0.0,-0.15968283377020123
14,-7.5,True,-8.5,False,427,398,118.61,-0.011516381056824699
14,-6.5,True,-7.5,True,428,427,-7.105427357601002e-15,-0.14608636404344394
14,-6.5,True,-7.5,False,428,399,118.60999999999999,-0.012425973281479916
14,-5.5,True,-6.5,True,429,428,0.0,-0.1297589906244067
14,-5.5,True,-6.5,False,429,400,118.60999999999999,-0.013100976393523686
14,-4.5,True,-5.5,True,430,429,0.0,-0.11123470522803125
14,-4.5,True,-5.5,False,430,401,118.60999999999999,-0.013541877505560464
14,-3.5,True,-4.5,True,431,430,0.0,-0.09096795684209516
14,-3.5,True,-4.5,False,431,402,118.60999999999999,-0.013748977543744344
14,-2.5,True,-3.5,True,432,431,0.0,-0.06935909796716307
14,-2.5,True,-3.5,False,432,403,118.60999999999999,-0.013722472483420872
14,-1.5,True,-2.5,True,433,432,0.0,-0.04677151510929625
14,-1.5,True,-2.5,False,433,404,118.60999999999999,-0.013462495449846757
14,-0.5,True,-1.5,True,434,433,0.0,-0.02354394937543581
14,-0.5,True,-1.5,False,434,405,118.60999999999999,-0.012969140051398348
14,0.5,True,-0.5,True,435,434,0.0,-7.29130707941215e-17
14,0.5,True,-0.5,False,435,406,118.60999999999999,-0.012242474033404536
14,1.5,True,0.5,True,436,435,0.0,0.023543949375435694
14,1.5,True,0.5,False,436,407,118.60999999999999,-0.011282547635339054
14,2.5,True,1.5,True,437,436,0.0,0.04677151510929614
14,2.5,True,1.5,False,437,408,118.60999999999999,-0.010089398903452458
14,3.5,True,2.5,True,438,437,0.0,0.06935909796716294
14,3.5,True,2.5,False,438,409,118.60999999999999,-0.008663057179026148
14,4.5,True,3.5,True,439,438,0.0,0.09096795684209497
14,4.5,True,3.5,False,439,410,118.60999999999999,-0.0070035454537174914
14,5.5,True,4.5,True,440,439,0.0,0.11123470522803093
14,5.5,True,4.5,False,440,411,118.60999999999999,-0.005110881999291979
14,6.5,True,5.5,True,441,440,0.0,0.12975899062440646
14,6.5,True,5.5,False,441,412,118.60999999999999,-0.0029850815198346273
14,7.5,True,6.5,True,442,441,7.105427357601002e-15,0.1460863640434437
14,7.5,True,6.5,False,442,413,118.60999999999999,-0.0006261559821024477
14,8.5,True,7.5,True,443,442,0.0,0.15968283377020112
14,8.5,True,7.5,False,443,414,118.61,0.0019658847757492728
14,9.5,True,8.5,True,444,443,0.0,0.16989439903925932
14,9.5,True,8.5,False,444,415,118.61,0.004791032590979777
14,10.5,True,9.5,True,445,444,0.0,0.1758775116890087
14,10.5,True,9.5,False,445,416,118.61,0.007849280634143932
14,11.5,True,10.5,True,446,445,-7.105427357601002e-15,0.17646747065674698
14,11.5,True,10.5,False,446,417,118.60999999999999,0.011140623147521922
14,12.5,True,11.5,True,447,446,7.105427357601002e-15,0.16989439903925943
14,12.5,True,11.5,False,447,418,118.60999999999999,0.014665055242809253
14,13.5,True,12.5,True,448,447,-7.105427357601002e-15,0.15303567094033219
14,13.5,True,12.5,False,448,419,118.60999999999999,0.018422572742971273
14,14.5,True,13.5,True,449,448,7.105427357601002e-15,0.11859935871200744
14,14.5,True,13.5,False,449,420,118.60999999999999,0.022413172057408087
